Site Name,Species,n_years,Full_DOY_Trend_days_per_decade,Full_DOY_CI_Lower,Full_DOY_CI_Upper,Duration_Trend_days_per_decade,Duration_CI_Lower,Duration_CI_Upper
Abashiri,Sargent cherry (Prunus sargentii),64,-1.4545229856648365,-2.2836861024692685,-0.6253598688604045,-0.1196444964540401,-0.22836810483806078,-0.010920888070019424
Aikawa,,55,-0.015873015873006657,-0.8256517742610048,0.7939057425149915,-0.0007215007214880428,-0.3075733039066415,0.3061303024636654
Akita,,73,-1.4186103912131327,-1.9847286161574198,-0.8524921662688454,-0.26070591139084276,-0.38471504087231856,-0.13669678190936696
Aomori,,70,-1.9999999999999873,-2.6393985033867478,-1.360601496613227,-0.3282302510716461,-0.4898993068536109,-0.16656119528968127
Asahikawa,Sargent cherry (Prunus sargentii),73,-1.8104405775638677,-2.3709742204839555,-1.2499069346437799,-0.3461680858941134,-0.4601413757272512,-0.23219479606097554
Choshi,,73,-0.644822905096881,-1.1956172730181849,-0.0940285371755771,-0.07342959397753848,-0.3283514657480474,0.1814922777929704
Esashi,,54,-1.3472331426402393,-2.28592608846667,-0.4085401968138086,-0.5520700593769489,-0.839383534506847,-0.2647565842470507
Fukue,,57,-0.20806326160228372,-0.8482412859365628,0.43211476273199534,0.40251490795955475,0.0317029369642223,0.7733268789548873
Fukui,,73,-1.202023941749967,-1.7282815371685365,-0.6757663463313976,0.09286683944218196,-0.10823414745960785,0.2939678263439718
Fukuoka,,72,-1.3548922172944222,-1.780538497821934,-0.9292459367669104,0.3836354435362002,0.05576341258565473,0.7115074744867457
Fukushima,,73,-1.2242379365667082,-1.8124023865427916,-0.6360734865906248,0.003393804763667215,-0.15296190009795127,0.1597495096252857
Gifu,,73,-1.4226212513883787,-1.8824205576266684,-0.9628219451500892,0.31716648155004296,0.07895847253463595,0.55537449056545
Hachijojima,,56,-0.5697352671800282,-1.6696089181161387,0.5301383837560822,-0.11237697410823097,-0.6675573994220763,0.44280345120561426
Hachinohe,,55,-0.7157287157287127,-1.699283694714548,0.2678262632571228,0.03030303030303934,-0.1965676143830115,0.2571736749890902
Hakodate,,73,-1.9542144884610657,-2.5451056156181333,-1.3633233613039981,-0.1135381957299761,-0.2553131877278348,0.028236796267882575
Hamada,,55,-0.6363636363636662,-1.3553097995170433,0.08258252678971054,-0.28138528138527985,-0.6984246891353413,0.1356541263647817
Hamamatsu,,52,-0.6438178732206481,-1.3390206886718425,0.05138494223054624,0.34657389680433537,-0.08070984851859253,0.7738576421272634
Hikone,,73,-1.0428236455633757,-1.4878372715772539,-0.5978100195494973,-0.1206343329631003,-0.31546937094769256,0.07420070502149198
Hiroo,Sargent cherry (Prunus sargentii),41,-0.4216027874564443,-2.0447726738041654,1.2015670988912766,-0.2979094076654997,-0.6585110198068311,0.06269220447583178
Hiroshima,,73,-1.2776132296680254,-1.7004148570875053,-0.8548116022485455,0.0984203381463656,-0.23330670082725707,0.43014737711998824
Iida,,54,-0.47913093196111173,-1.3446766182156524,0.38641475429342903,0.1059653135124832,-0.2735648205952206,0.485495447620187
Iriomote Island,Taiwan cherry (Prunus campanulata),24,6.694086260560496,1.7535828934385407,11.634589627682452,35.63361493997056,1.4411239684475552,69.82610591149356
Ishigaki Island,Taiwan cherry (Prunus campanulata),55,1.8672558774119907,0.11493389814050875,3.619577856683472,3.2327738228933987,-9.992093661776321,16.45764130756312
Itsuhara,,57,-0.9482758620689591,-1.6702203172433192,-0.22633140689459902,0.20871143375680676,-0.2332263046031434,0.6506491721167569
Iwamizawa,Sargent cherry (Prunus sargentii),52,-1.4090396356174728,-2.3113028813713,-0.5067763898636456,-0.27012275286631476,-0.45421175525306917,-0.08603375047956041
Kagoshima,,73,0.3162408984326799,-0.2042745136664384,0.8367563105317982,0.9135505368382093,0.64531544161886,1.1817856320575588
Kanazawa,,73,-0.9576699987658941,-1.4576570465614824,-0.45768295097030565,0.09132420091324243,-0.12416533188965849,0.30681373371614334
Kobe,,73,-0.6238430211032959,-1.0624994129254746,-0.18518662928111732,0.3727014685918792,0.11262825715184363,0.6327746800319147
Kochi,,69,-0.9475010790349161,-1.4981179238805933,-0.39688423418923896,-0.04839136028614518,-0.3056083634806012,0.20882564290831088
Kofu,,73,-0.8333333333333339,-1.3417016368196122,-0.32496502984705566,0.6306306306306318,0.4060019089565367,0.8552593523047269
Kumagaya,,73,-1.3917684808095738,-1.8992741681131522,-0.8842627935059952,0.07805750956435908,-0.16126056906113012,0.31737558818984823
Kumamoto,,73,-0.5895964457608309,-1.032743677292245,-0.14644921422941692,0.24959891398247547,-0.027338502419168957,0.5265363303841198
Kumejima,Taiwan cherry (Prunus campanulata),30,-2.284777858703561,-4.280220480551325,-0.28933523685579776,0.897305171157976,-27.504767158727095,29.299377501043047
Kushiro,Sargent cherry (Prunus sargentii),54,-2.2866399847532155,-3.292416028095659,-1.2808639414107725,-0.22870211549457062,-0.399659219761945,-0.05774501122719624
Kutchan,"Until 1994 Sargent Cherry, from 1995 to 2006 they were Yoshino Cherry.",51,-1.0068137800925205,-2.0268753412829272,0.013247781097886074,-0.06226731292210203,-0.31222926626101033,0.18769464041680628
Kyoto,,73,-1.1989386646920888,-1.6346366805926493,-0.7632406487915282,0.35511538936196485,0.09533880525926686,0.6148919734646628
Maebashi,,73,-1.3457978526471632,-1.86629182577486,-0.8253038795194662,-0.2764408243860292,-0.5232466927955308,-0.02963495597652757
Maizuru,,60,-0.4429008057793975,-1.0868998314534393,0.20109821989464427,-0.11642122811891686,-0.4408373865839067,0.20799493034607303
Matsue,,67,-1.531326200439601,-2.068736292038685,-0.9939161088405167,0.34376113724772395,0.043014846731197175,0.6445074277642506
Matsumoto,,55,-1.1190476190476248,-2.002883063691351,-0.23521217440389847,-0.13564213564212246,-0.4767298628342592,0.20544559155001432
Matsuyama,,73,-1.0554732815006818,-1.491243539560427,-0.6197030234409365,0.21473528322843494,-0.155111500644684,0.5845820671015538
Minami Daito Island,Taiwan cherry (Prunus campanulata),44,2.4011135599118387,0.64855711175863,4.153670008065047,1.9069713490314322,0.683563127279607,3.130379570783257
Mito,,73,-1.3346908552387995,-1.8924298073448267,-0.7769519031327723,0.2826113785017894,0.05254862365865011,0.5126741333449287
Miyakejima,,34,1.081026794681224,-0.46856810628218615,2.6306216956446344,0.0421805326798632,-0.906685880733421,0.9910469460931473
Miyako,,55,-0.3477633477633382,-1.3349214093965238,0.6393947138698476,-0.16161616161615658,-0.4731520233764889,0.14991970014417572
Miyakojima,Taiwan cherry (Prunus campanulata),45,-0.5141421601772596,-2.5697224284059104,1.5414381080513913,-0.9240515546494148,-12.70022998467258,10.85212687537375
Miyazaki,,55,-0.29076479076479866,-1.066808865069603,0.4852792835400056,0.750360750360751,0.35593044865545687,1.1447910520660451
Monbetsu,Sargent cherry (Prunus sargentii),52,0.3897378980619798,-0.8638252040077377,1.6433010001316972,0.08452147186886387,-0.18620088723002345,0.35524383096775125
Morioka,,73,-1.4223127236825834,-2.0148882075122714,-0.829737239852895,0.1678390719486614,-0.03305900321649454,0.36873714711381733
Muroran,,73,-1.5040725657164056,-2.1645172746987744,-0.8436278567340366,0.02838454893249447,-0.14582142862862213,0.20259052649361106
Nagano,,73,-1.3948537578674554,-1.9704194298281354,-0.819288085906775,-0.24589658151302,-0.47143542340365585,-0.020357739622384116
Nagasaki,,73,-0.6676539553251948,-1.1162682459304831,-0.21903966471990638,0.13204985807725544,-0.14474856622602478,0.40884828238053567
Nago,Taiwan cherry (Prunus campanulata),23,2.378361075544175,-1.5741424607359726,6.330864611824323,74.80673815621012,-24.158346256454628,173.77182256887488
Nagoya,,73,-1.0554732815006775,-1.5010449155706,-0.6099016474307551,0.46340861409354617,0.1924627253957515,0.734354502791341
Naha,Taiwan cherry (Prunus campanulata),48,-0.08913806951515835,-1.5852531053605583,1.4069769663302418,-6.193138483483114,-21.26415944369855,8.877882476732324
Nara,,72,-0.9794842112032843,-1.4600963166953442,-0.4988721057112244,0.26143160331853815,0.013371986254149364,0.5094912203829269
Naze,Taiwan cherry (Prunus campanulata),56,0.5064748201438878,-0.3393569912677228,1.3523066315554986,0.4415958142576827,-0.11534636941015426,0.9985379979255196
Nemuro,Kurile Island Cherry (Cerasus nipponica var. kurilensis),50,-0.9813267884843815,-2.0260381890763304,0.06338461210756707,-0.10039400184985217,-0.5107369274146979,0.3099489237149935
Niigata,,73,-1.487412069603847,-2.0105247972748166,-0.9642993419328774,-0.12958163643095127,-0.2919298868977863,0.03276661403588378
Nobeoka,,33,0.5982620320855025,-0.8830569695825388,2.079581033753544,-0.47794117647054296,-1.3072245166362366,0.3513421636951508
Obihiro,Sargent cherry (Prunus sargentii),73,-1.8826360607182524,-2.4274963083705776,-1.3377758130659272,-0.09009009009008997,-0.221115943366961,0.04093576318678106
Oita,,73,-0.5519560656546965,-0.9972468169546723,-0.10666531435472068,0.5423917067752693,0.24601394534533874,0.8387694682051998
Okayama,,73,-0.9798839935826251,-1.3940125731331234,-0.5657554140321266,0.023139577934098692,-0.21452870497670445,0.2608078608449019
Onahama,,56,-0.8339029391660981,-1.675614665013378,0.007808786681181429,-0.015037593984960577,-0.27943392421784147,0.24935873624792035
Osaka,,65,-1.1886795152637868,-1.7008272364107828,-0.6765317941167905,0.2877861145654986,-0.01961506458158395,0.5951872937125811
Oshima,,47,-1.1036449120193483,-1.9912297714729084,-0.21606005256578867,0.23710548366073766,-0.26111775088356887,0.7353287182050441
Owase,,55,-0.5447330447330532,-1.2366840034561215,0.14721791399001524,-0.025252525252499273,-0.4299896326667146,0.37948458216171604
Rumoi,Sargent cherry (Prunus sargentii),53,-0.8074485142017072,-1.7258290301011847,0.11093200169777037,-0.3018949432181641,-0.5541999584531951,-0.049589927983133136
Saga,,72,-0.8362412392987645,-1.2380020614239575,-0.43448041717357133,0.04644237647127883,-0.2385297634529835,0.33141451639554115
Saigo,,56,-0.5960355434039611,-1.3270289521626384,0.13495786535471593,-0.15721120984278114,-0.5124997442300054,0.19807732454444316
Sakata,,57,-0.8841068187710671,-1.6283872776184238,-0.1398263599237104,-0.29297381384495713,-0.5326007584681804,-0.053346869221733845
Sapporo,,72,-1.5913551999526312,-2.2159876155572453,-0.9667227843480173,-0.05358489532412426,-0.23643686357953247,0.12926707293128395
Sendai,,73,-1.5225842280636859,-2.117820117450729,-0.9273483386766423,-0.08916450697272613,-0.24801420412377817,0.06968519017832595
Shimonoseki,,73,-1.0418980624460075,-1.4337676295512862,-0.6500284953407287,0.05152412686659332,-0.23141265038673833,0.3344609041199249
Shinjo,,40,-0.5103189493433313,-1.8750784580829458,0.8544405593962832,-0.33677298311444126,-0.647540093471294,-0.026005872757588512
Shiomizumaki,,50,-0.4740625165683281,-1.3126305995344816,0.3645055663978254,0.2606624302236601,-0.289175480859473,0.8105003413067933
Shirakawa,,45,-0.09749670619236872,-1.1929157219883715,0.997922309603634,-0.7681159420289847,-1.1910335547119524,-0.345198329346017
Shizuoka,,73,-0.6445143773910886,-1.1718543912280441,-0.11717436355413301,0.3146982599037396,0.08050365182691882,0.5488928679805605
Sumoto,,49,-0.5927864214992995,-1.4858873666570063,0.30031452365840733,-0.3364922206506423,-0.8308780147897386,0.15789357348845387
Takada,,55,-0.7186147186147231,-1.5865195861306758,0.14929014890122952,-0.16594516594516187,-0.40493675390900097,0.07304642201867728
Takamatsu,,73,-1.0644205849685326,-1.4749070370552306,-0.6539341328818347,0.2181290879921018,-0.029960115868511855,0.46621829185271546
Takayama,,53,-0.3257539106595614,-1.2689044528861773,0.6173966315670545,-0.31446540880503254,-0.6539526852243163,0.02502186761425121
Tanegashima,,38,0.7016613358602092,-1.0747101439709215,2.4780328156913396,1.427675132353874,0.5255965875531444,2.329753677154604
Tateyama,,38,-1.134697450486959,-2.3956734972080453,0.12627859623412757,-0.03829740671845411,-0.6956163044634932,0.619021491026585
Tokushima,,73,-0.4609403924472434,-0.8552839607686575,-0.06659682412582926,-0.053375293101320234,-0.2981627034387558,0.19141211723611537
Tokyo,,73,-1.616993706034805,-2.1433310646365005,-1.0906563474331095,-0.189436011353819,-0.47831506806096996,0.09944304535333202
Tottori,,73,-1.1187214611872136,-1.6152260422302964,-0.622216880144131,0.4174379859311366,0.16499498199544566,0.6698809898668276
Toyama,,73,-1.4695174626681484,-2.00194399091306,-0.937090934423237,0.1672220165370851,-0.013658572777050272,0.34810260585122044
Toyooka,,55,-0.3896103896103925,-1.1618428479179355,0.38262206869715043,0.24819624819625524,-0.02168006552932887,0.5180725619218394
Tsu,,73,-1.516105146242133,-1.9724371794860074,-1.0597731129982593,-0.29896334690855164,-0.5297706526216311,-0.06815604119547206
Tsuruga,,53,-0.7587485889372886,-1.6040700195791273,0.08657284170455012,0.040316078051933636,-0.2573828778349526,0.3380150339388199
Urakawa,Sargent cherry (Prunus sargentii),57,-0.5775213896810943,-1.3645463845838175,0.2095036052216287,-0.24630541871921158,-0.3995595233726299,-0.09305131406579328
Utsunomiya,,73,-1.1754905590522005,-1.6936598904300737,-0.6573212276743273,0.4529186720967544,0.22386571152193957,0.6819716326715692
Uwajima,,39,-1.2186234817814234,-2.4656893318181123,0.0284423682552655,0.7570850202429393,-0.10183712988433194,1.6160071703702106
Wajima,,58,-0.5635362514995905,-1.3023225354068635,0.17525003240768236,-0.1384232058814402,-0.37920596075424634,0.10235954899136591
Wakayama,,71,-0.7250167672703046,-1.1951509589817082,-0.25488257555890115,0.1817572099262177,-0.1645418150979675,0.5280562349504029
Wakkanai,Sargent cherry (Prunus sargentii),64,-1.547096796363655,-2.2378377660770714,-0.8563558266502385,-0.45739154243553404,-0.6491083468144543,-0.26567473805661385
Yamagata,,73,-1.4577934098481982,-2.0372233087666904,-0.8783635109297061,-0.2332469455757122,-0.40531929556385415,-0.061174595587570255
Yokohama,,73,-1.0539306429717445,-1.5743928886928353,-0.5334683972506536,0.002776749352091713,-0.30724739179366445,0.3128008904978479
Yonago,,55,-0.9545454545454451,-1.7292586382109376,-0.17983227087995254,0.21861471861473225,-0.10976991187909194,0.5469993491085565
Yonaguni Island,Taiwan cherry (Prunus campanulata),16,-4.441176470588876,-14.745461567309896,5.863108626132144,-4.455882352941493,-12.762203407046986,3.850438701164
