Site Name,Latitude,Longitude
Abashiri,44.0167,144.2783
Aikawa,38.0283,138.24
Akita,39.7167,140.0983
Aomori,40.8217,140.7683
Asahikawa,43.7567,142.3717
Choshi,35.7383,140.8567
Esashi,41.8667,140.1233
Fukue,32.6933,128.8267
Fukui,36.055,136.2217
Fukuoka,33.5817,130.3767
Fukushima,37.7583,140.47
Gifu,35.4,136.7617
Hachijojima,33.1033,139.7833
Hachinohe,40.5267,141.5217
Hakodate,41.8167,140.7533
Hamada,34.8967,132.07
Hamamatsu,34.7533,137.7117
Hikone,35.275,136.2433
Hiroo,42.2933,143.3167
Hiroshima,34.3983,132.4617
Iida,35.5233,137.8217
Itsuhara,34.1967,129.2917
Iwamizawa,43.2117,141.785
Kagoshima,31.555,130.5467
Kanazawa,36.5883,136.6333
Kobe,34.6967,135.2117
Kochi,33.5667,133.5483
Kofu,35.6667,138.5533
Kumagaya,36.15,139.38
Kumamoto,32.8133,130.7067
Kushiro,42.985,144.3767
Kyoto,35.0117,135.735
Maebashi,36.405,139.06
Maizuru,35.45,135.3167
Matsue,35.4567,133.065
Matsumoto,36.2467,137.97
Matsuyama,33.8433,132.7767
Mito,36.38,140.4667
Miyakejima,34.1233,139.52
Miyako,39.6467,141.965
Miyazaki,31.9383,131.4133
Monbetsu,44.345,143.355
Morioka,39.6983,141.165
Muroran,42.3117,140.975
Nagano,36.6617,138.1917
Nagasaki,32.7333,129.8667
Nagoya,35.1667,136.965
Nara,34.6733,135.8317
Niigata,37.8933,139.0183
Nobeoka,32.5817,131.6567
Obihiro,42.9217,143.2117
Oita,33.235,131.6183
Okayama,34.685,133.925
Onahama,36.9633,140.8833
Osaka,34.6817,135.5183
Oshima,34.7483,139.3617
Owase,34.0683,136.1933
Rumoi,43.945,141.6317
Saga,33.265,130.305
Saigo,36.2033,133.3333
Sakata,38.9083,139.8433
Sapporo,43.06,141.3283
Sendai,38.2617,140.8967
Shimonoseki,33.9567,130.9383
Shinjo,38.7567,140.3117
Shiomizumaki,33.45,135.7567
Shirakawa,37.1317,140.215
Shizuoka,34.975,138.4033
Sumoto,34.31,134.8483
Takada,37.1067,138.2467
Takamatsu,34.3183,134.0533
Takayama,36.155,137.2533
Tanegashima,30.72,130.9817
Tateyama,34.9867,139.865
Tokushima,34.0667,134.5717
Tokyo,35.6917,139.75
Tottori,35.4867,134.2383
Toyama,36.7083,137.2017
Toyooka,35.535,134.8217
Tsu,34.7333,136.5183
Tsuruga,35.6533,136.0617
Urakawa,42.1617,142.7767
Utsunomiya,36.5483,139.8683
Uwajima,33.2267,132.5517
Wajima,37.39,136.895
Wakayama,34.2283,135.1633
Wakkanai,45.415,141.6783
Yakushima,30.385,130.6583
Yamagata,38.255,140.345
Yokohama,35.4383,139.6517
Yonago,35.4333,133.3383
