Site Name,Year,Feb_Temp,Mar_Temp
Aomori,1953,-4.521428571428571,1.2064516129032257
Aomori,1954,-1.7892857142857144,0.4612903225806452
Aomori,1955,-2.492857142857143,-0.2483870967741935
Aomori,1956,-3.6310344827586207,0.9806451612903224
Aomori,1957,-3.9071428571428575,-0.8838709677419354
Aomori,1958,-0.8642857142857144,0.2612903225806452
Aomori,1959,-0.9071428571428573,2.070967741935484
Aomori,1960,-1.3551724137931036,0.5612903225806452
Aomori,1961,-2.792857142857143,0.5580645161290322
Aomori,1962,-2.9464285714285716,-0.5161290322580645
Aomori,1963,-2.3035714285714284,0.6225806451612903
Aomori,1964,-3.9793103448275864,0.4419354838709677
Aomori,1965,-4.3428571428571425,-1.229032258064516
Aomori,1966,-2.9714285714285715,1.464516129032258
Aomori,1967,-3.5892857142857144,0.8516129032258065
Aomori,1968,-3.693103448275862,2.206451612903226
Aomori,1969,-3.742857142857143,-1.0612903225806452
Aomori,1970,-2.1928571428571426,-2.7516129032258063
Aomori,1971,-2.8249999999999997,0.0741935483870967
Aomori,1972,-2.1551724137931036,1.535483870967742
Aomori,1973,-0.8571428571428571,-0.4774193548387097
Aomori,1974,-2.2035714285714287,-0.2
Aomori,1975,-3.121428571428571,0.6096774193548388
Aomori,1976,-2.020689655172414,0.9838709677419356
Aomori,1977,-3.142857142857143,1.6096774193548389
Aomori,1978,-5.692857142857143,0.5096774193548387
Aomori,1979,-1.5821428571428573,-0.2451612903225806
Aomori,1980,-4.779310344827586,-0.4935483870967742
Aomori,1981,-2.835714285714286,0.0838709677419355
Aomori,1982,-4.546428571428572,0.9419354838709676
Aomori,1983,-4.371428571428572,-0.1193548387096774
Aomori,1984,-5.451724137931034,-2.0903225806451613
Aomori,1985,-2.2642857142857142,-0.1741935483870967
Aomori,1986,-5.196428571428571,-0.1258064516129032
Aomori,1987,-3.378571428571429,-0.0451612903225805
Aomori,1988,-5.879310344827586,-0.232258064516129
Aomori,1989,-1.717857142857143,2.303225806451613
Aomori,1990,-0.7642857142857142,2.5161290322580645
Aomori,1991,-3.378571428571429,0.1516129032258064
Aomori,1992,-2.8758620689655174,0.7161290322580645
Aomori,1993,-1.6964285714285714,0.3096774193548388
Aomori,1994,-2.0642857142857145,-0.8096774193548387
Aomori,1995,-2.9714285714285715,0.1548387096774194
Aomori,1996,-3.282758620689655,0.0387096774193548
Aomori,1997,-2.1464285714285714,0.4935483870967742
Aomori,1998,-2.807142857142857,1.6451612903225807
Aomori,1999,-3.475,-0.0419354838709677
Aomori,2000,-3.86551724137931,-0.4193548387096774
Aomori,2001,-5.121428571428572,0.235483870967742
Aomori,2002,-1.542857142857143,2.035483870967742
Aomori,2003,-2.8607142857142853,-0.096774193548387
Aomori,2004,-1.317241379310345,1.0451612903225806
Aomori,2005,-3.7821428571428575,0.1
Aomori,2006,-2.2857142857142856,0.6806451612903226
Aomori,2007,-1.15,0.3580645161290323
Aomori,2008,-2.7551724137931037,3.664516129032258
Aomori,2009,-1.2357142857142858,1.2451612903225806
Aomori,2010,-2.7357142857142853,0.4419354838709677
Aomori,2011,-0.8642857142857142,-0.2032258064516129
Aomori,2012,-3.872413793103448,0.7741935483870968
Aomori,2013,-3.1,0.8806451612903226
Aomori,2014,-2.789285714285714,0.9129032258064516
Aomori,2015,-0.4071428571428571,2.92258064516129
Aomori,2016,-1.5551724137931036,2.2225806451612904
Aomori,2017,-0.8428571428571429,1.164516129032258
Aomori,2018,-1.9107142857142856,3.9193548387096775
Aomori,2019,-0.5,3.3741935483870966
Aomori,2020,0.8068965517241379,4.761290322580645
Aomori,2021,-0.5821428571428571,4.970967741935484
Aomori,2022,-0.9428571428571428,3.083870967741935
Aomori,2023,-0.3178571428571429,5.625806451612903
Aomori,2024,0.8275862068965517,2.4838709677419355
Asahikawa,1953,-11.125,-3.206451612903226
Asahikawa,1954,-6.917857142857143,-4.964516129032258
Asahikawa,1955,-7.835714285714286,-4.567741935483871
Asahikawa,1956,-8.689655172413794,-3.7451612903225806
Asahikawa,1957,-9.714285714285714,-5.348387096774194
Asahikawa,1958,-7.185714285714285,-4.229032258064516
Asahikawa,1959,-6.7250000000000005,-1.6903225806451612
Asahikawa,1960,-7.306896551724138,-4.038709677419355
Asahikawa,1961,-8.221428571428572,-3.8774193548387097
Asahikawa,1962,-9.225,-5.077419354838709
Asahikawa,1963,-6.735714285714286,-2.6774193548387095
Asahikawa,1964,-11.210344827586209,-3.890322580645161
Asahikawa,1965,-9.010714285714286,-4.867741935483871
Asahikawa,1966,-8.653571428571428,-2.954838709677419
Asahikawa,1967,-9.607142857142858,-3.738709677419355
Asahikawa,1968,-9.717241379310344,-1.538709677419355
Asahikawa,1969,-10.19285714285714,-5.97741935483871
Asahikawa,1970,-7.164285714285714,-6.558064516129033
Asahikawa,1971,-8.3,-3.6258064516129034
Asahikawa,1972,-8.055172413793104,-2.5999999999999996
Asahikawa,1973,-6.753571428571428,-5.493548387096775
Asahikawa,1974,-7.371428571428572,-4.632258064516129
Asahikawa,1975,-8.635714285714286,-3.841935483870968
Asahikawa,1976,-6.820689655172413,-3.8451612903225807
Asahikawa,1977,-10.4,-3.4741935483870967
Asahikawa,1978,-12.271428571428572,-4.383870967741935
Asahikawa,1979,-6.839285714285714,-4.661290322580645
Asahikawa,1980,-10.572413793103449,-4.887096774193548
Asahikawa,1981,-8.378571428571428,-4.890322580645161
Asahikawa,1982,-10.014285714285714,-3.1258064516129034
Asahikawa,1983,-9.917857142857144,-4.483870967741935
Asahikawa,1984,-10.479310344827583,-6.229032258064516
Asahikawa,1985,-6.571428571428571,-4.0
Asahikawa,1986,-10.375,-4.525806451612904
Asahikawa,1987,-8.835714285714285,-3.616129032258064
Asahikawa,1988,-9.789655172413791,-3.635483870967742
Asahikawa,1989,-6.360714285714286,-0.8806451612903226
Asahikawa,1990,-5.2749999999999995,-2.129032258064516
Asahikawa,1991,-8.492857142857144,-4.151612903225806
Asahikawa,1992,-7.675862068965517,-3.6193548387096777
Asahikawa,1993,-6.992857142857143,-3.761290322580645
Asahikawa,1994,-6.471428571428571,-4.690322580645161
Asahikawa,1995,-7.35,-3.3677419354838714
Asahikawa,1996,-8.389655172413793,-4.058064516129032
Asahikawa,1997,-6.882142857142857,-4.174193548387097
Asahikawa,1998,-9.1,-2.661290322580645
Asahikawa,1999,-8.428571428571429,-4.893548387096774
Asahikawa,2000,-9.044827586206896,-4.409677419354838
Asahikawa,2001,-10.103571428571428,-4.025806451612903
Asahikawa,2002,-5.3,-2.029032258064516
Asahikawa,2003,-8.485714285714286,-4.009677419354839
Asahikawa,2004,-6.031034482758621,-3.4225806451612906
Asahikawa,2005,-8.85357142857143,-3.883870967741936
Asahikawa,2006,-7.110714285714286,-2.6838709677419357
Asahikawa,2007,-6.2,-3.1903225806451614
Asahikawa,2008,-8.503448275862068,-0.6096774193548388
Asahikawa,2009,-7.0321428571428575,-2.1548387096774193
Asahikawa,2010,-7.825,-3.858064516129032
Asahikawa,2011,-5.767857142857143,-4.22258064516129
Asahikawa,2012,-9.620689655172416,-4.019354838709678
Asahikawa,2013,-8.307142857142857,-3.454838709677419
Asahikawa,2014,-7.960714285714286,-3.7838709677419353
Asahikawa,2015,-5.896428571428571,-0.2129032258064516
Asahikawa,2016,-7.217241379310344,-2.3354838709677415
Asahikawa,2017,-5.503571428571428,-2.232258064516129
Asahikawa,2018,-7.7178571428571425,-0.9612903225806452
Asahikawa,2019,-6.485714285714286,-1.3064516129032258
Asahikawa,2020,-6.441379310344828,-0.5903225806451612
Asahikawa,2021,-5.535714285714286,0.3290322580645161
Asahikawa,2022,-6.071428571428571,-0.9032258064516128
Asahikawa,2023,-6.8,1.261290322580645
Asahikawa,2024,-7.396551724137931,-4.4
Yamagata,1953,-3.025,1.7935483870967743
Yamagata,1954,-1.5214285714285716,0.5645161290322581
Yamagata,1955,-1.5714285714285714,0.7129032258064517
Yamagata,1956,-2.6689655172413795,1.0806451612903225
Yamagata,1957,-2.2392857142857143,-0.2774193548387096
Yamagata,1958,-0.6714285714285715,0.6000000000000001
Yamagata,1959,-0.4928571428571429,2.9064516129032256
Yamagata,1960,-0.996551724137931,1.103225806451613
Yamagata,1961,-2.2142857142857144,0.732258064516129
Yamagata,1962,-1.7392857142857143,0.6645161290322581
Yamagata,1963,-2.257142857142857,0.2580645161290323
Yamagata,1964,-2.548275862068966,0.6870967741935484
Yamagata,1965,-2.375,-0.332258064516129
Yamagata,1966,-1.1107142857142855,1.6419354838709677
Yamagata,1967,-2.332142857142857,1.029032258064516
Yamagata,1968,-3.5379310344827584,1.941935483870968
Yamagata,1969,-2.1678571428571427,-0.3064516129032258
Yamagata,1970,-1.657142857142857,-2.1774193548387095
Yamagata,1971,-2.457142857142857,0.2741935483870967
Yamagata,1972,-2.0344827586206895,2.1516129032258067
Yamagata,1973,-0.6607142857142857,-0.1
Yamagata,1974,-1.6785714285714286,0.2032258064516129
Yamagata,1975,-2.335714285714286,0.8967741935483872
Yamagata,1976,-1.182758620689655,0.6967741935483871
Yamagata,1977,-2.5321428571428575,1.3483870967741935
Yamagata,1978,-3.4642857142857144,0.803225806451613
Yamagata,1979,0.4285714285714285,1.1548387096774193
Yamagata,1980,-3.079310344827586,0.3709677419354839
Yamagata,1981,-1.4464285714285714,0.535483870967742
Yamagata,1982,-2.8285714285714287,1.3161290322580643
Yamagata,1983,-2.5321428571428575,0.9774193548387096
Yamagata,1984,-4.120689655172414,-1.229032258064516
Yamagata,1985,-0.9142857142857144,0.3612903225806451
Yamagata,1986,-3.935714285714286,0.5870967741935483
Yamagata,1987,-1.8357142857142856,0.7838709677419355
Yamagata,1988,-3.9,0.6290322580645161
Yamagata,1989,-0.8107142857142857,2.57741935483871
Yamagata,1990,0.1071428571428571,3.7
Yamagata,1991,-2.157142857142857,0.864516129032258
Yamagata,1992,-1.831034482758621,1.0193548387096774
Yamagata,1993,-0.3321428571428572,0.9387096774193548
Yamagata,1994,-1.2142857142857142,-0.0387096774193548
Yamagata,1995,-1.7142857142857142,1.164516129032258
Yamagata,1996,-2.0172413793103448,0.5387096774193548
Yamagata,1997,-1.1785714285714286,1.1516129032258065
Yamagata,1998,-1.2035714285714287,1.0032258064516129
Yamagata,1999,-2.35,1.525806451612903
Yamagata,2000,-2.1448275862068966,0.4806451612903225
Yamagata,2001,-1.9857142857142855,0.9064516129032258
Yamagata,2002,-0.4107142857142856,3.5580645161290323
Yamagata,2003,-1.0214285714285714,0.3903225806451613
Yamagata,2004,-0.603448275862069,2.7516129032258063
Yamagata,2005,-2.8000000000000003,0.7451612903225807
Yamagata,2006,-0.1357142857142858,1.993548387096774
Yamagata,2007,1.1071428571428572,2.583870967741935
Yamagata,2008,-2.1517241379310343,3.383870967741936
Yamagata,2009,-0.3964285714285713,2.661290322580645
Yamagata,2010,-1.5857142857142856,1.5096774193548386
Yamagata,2011,-1.125,0.0709677419354838
Yamagata,2012,-3.3586206896551727,0.9870967741935484
Yamagata,2013,-2.7285714285714286,1.9903225806451612
Yamagata,2014,-2.3285714285714287,1.7806451612903225
Yamagata,2015,-0.6464285714285715,2.958064516129032
Yamagata,2016,-1.0172413793103448,3.7225806451612904
Yamagata,2017,0.625,3.2870967741935484
Yamagata,2018,-0.8571428571428571,5.009677419354839
Yamagata,2019,1.8285714285714287,4.987096774193549
Yamagata,2020,2.6413793103448273,5.587096774193548
Yamagata,2021,1.8357142857142856,6.403225806451613
Yamagata,2022,-0.3678571428571429,4.158064516129032
Yamagata,2023,0.5678571428571428,6.987096774193549
Yamagata,2024,2.3620689655172415,3.070967741935484
Kagoshima,1953,8.296428571428573,11.403225806451612
Kagoshima,1954,9.507142857142856,10.86451612903226
Kagoshima,1955,9.50357142857143,13.080645161290322
Kagoshima,1956,6.758620689655173,11.564516129032258
Kagoshima,1957,6.982142857142857,9.14516129032258
Kagoshima,1958,9.235714285714286,11.564516129032258
Kagoshima,1959,11.6,12.283870967741937
Kagoshima,1960,9.313793103448276,12.919354838709678
Kagoshima,1961,7.321428571428571,12.025806451612905
Kagoshima,1962,8.753571428571428,10.464516129032257
Kagoshima,1963,5.767857142857143,10.793548387096775
Kagoshima,1964,7.913793103448276,11.183870967741935
Kagoshima,1965,8.510714285714286,9.464516129032257
Kagoshima,1966,10.3,13.422580645161291
Kagoshima,1967,7.664285714285714,11.693548387096774
Kagoshima,1968,5.175862068965517,11.09032258064516
Kagoshima,1969,9.685714285714283,10.383870967741936
Kagoshima,1970,9.275,8.551612903225807
Kagoshima,1971,8.325,10.52258064516129
Kagoshima,1972,9.424137931034483,11.893548387096772
Kagoshima,1973,10.335714285714284,11.34516129032258
Kagoshima,1974,8.067857142857143,10.593548387096773
Kagoshima,1975,8.264285714285714,10.993548387096777
Kagoshima,1976,10.93793103448276,11.264516129032256
Kagoshima,1977,6.210714285714286,12.393548387096772
Kagoshima,1978,7.928571428571429,10.661290322580646
Kagoshima,1979,10.175,11.33548387096774
Kagoshima,1980,6.441379310344828,11.474193548387095
Kagoshima,1981,8.585714285714285,11.196774193548388
Kagoshima,1982,7.9678571428571425,12.312903225806451
Kagoshima,1983,8.010714285714286,11.7
Kagoshima,1984,5.993103448275862,8.983870967741936
Kagoshima,1985,9.125,12.148387096774194
Kagoshima,1986,6.207142857142857,10.63548387096774
Kagoshima,1987,9.157142857142857,11.725806451612904
Kagoshima,1988,8.093103448275862,10.680645161290323
Kagoshima,1989,10.403571428571428,11.261290322580646
Kagoshima,1990,11.514285714285714,12.361290322580643
Kagoshima,1991,7.864285714285714,12.983870967741936
Kagoshima,1992,8.306896551724138,13.229032258064516
Kagoshima,1993,9.45,10.638709677419357
Kagoshima,1994,8.77142857142857,10.035483870967743
Kagoshima,1995,8.325,11.170967741935485
Kagoshima,1996,7.317241379310344,11.19032258064516
Kagoshima,1997,8.575,12.741935483870968
Kagoshima,1998,11.164285714285716,11.616129032258064
Kagoshima,1999,8.671428571428573,13.035483870967743
Kagoshima,2000,7.210344827586207,11.212903225806452
Kagoshima,2001,9.678571428571429,11.683870967741935
Kagoshima,2002,9.31785714285714,12.951612903225806
Kagoshima,2003,9.821428571428571,11.24516129032258
Kagoshima,2004,9.744827586206895,12.13548387096774
Kagoshima,2005,8.382142857142856,10.319354838709677
Kagoshima,2006,9.932142857142855,10.961290322580645
Kagoshima,2007,10.857142857142858,11.98709677419355
Kagoshima,2008,7.427586206896552,11.983870967741936
Kagoshima,2009,11.846428571428572,12.412903225806453
Kagoshima,2010,10.87857142857143,12.667741935483871
Kagoshima,2011,9.796428571428573,9.84516129032258
Kagoshima,2012,8.4,11.951612903225806
Kagoshima,2013,9.421428571428573,13.316129032258065
Kagoshima,2014,9.257142857142856,12.125806451612902
Kagoshima,2015,8.307142857142857,11.77741935483871
Kagoshima,2016,8.9,12.087096774193547
Kagoshima,2017,8.260714285714286,10.619354838709675
Kagoshima,2018,7.142857142857143,13.138709677419357
Kagoshima,2019,10.332142857142856,12.296774193548387
Kagoshima,2020,10.527586206896553,12.97741935483871
Kagoshima,2021,10.767857142857142,14.303225806451612
Kagoshima,2022,6.903571428571429,13.174193548387096
Kagoshima,2023,10.360714285714286,13.84516129032258
Kagoshima,2024,12.46896551724138,12.36451612903226
Fukuoka,1953,5.503571428571428,9.319354838709677
Fukuoka,1954,6.753571428571428,8.483870967741936
Fukuoka,1955,6.664285714285714,9.651612903225804
Fukuoka,1956,3.8,8.548387096774194
Fukuoka,1957,4.2821428571428575,6.935483870967742
Fukuoka,1958,6.6499999999999995,9.058064516129033
Fukuoka,1959,8.710714285714285,9.812903225806451
Fukuoka,1960,7.075862068965517,10.080645161290322
Fukuoka,1961,4.710714285714286,9.574193548387097
Fukuoka,1962,6.221428571428571,8.33548387096774
Fukuoka,1963,2.5107142857142857,8.399999999999999
Fukuoka,1964,4.706896551724138,8.332258064516129
Fukuoka,1965,5.457142857142857,7.141935483870968
Fukuoka,1966,7.510714285714286,10.306451612903226
Fukuoka,1967,5.260714285714286,9.05483870967742
Fukuoka,1968,1.9172413793103449,8.325806451612904
Fukuoka,1969,6.435714285714285,7.825806451612903
Fukuoka,1970,6.703571428571428,5.780645161290322
Fukuoka,1971,5.210714285714286,7.809677419354839
Fukuoka,1972,6.6482758620689655,9.319354838709677
Fukuoka,1973,7.353571428571429,9.061290322580644
Fukuoka,1974,5.296428571428572,8.151612903225805
Fukuoka,1975,5.039285714285714,8.680645161290323
Fukuoka,1976,8.324137931034484,8.890322580645162
Fukuoka,1977,3.814285714285714,9.28064516129032
Fukuoka,1978,4.671428571428572,8.158064516129032
Fukuoka,1979,7.417857142857143,9.293548387096775
Fukuoka,1980,4.010344827586207,8.461290322580645
Fukuoka,1981,4.685714285714285,8.48709677419355
Fukuoka,1982,5.671428571428572,9.680645161290323
Fukuoka,1983,5.057142857142857,9.13225806451613
Fukuoka,1984,3.0379310344827584,6.596774193548387
Fukuoka,1985,6.0928571428571425,9.096774193548388
Fukuoka,1986,3.746428571428571,7.95483870967742
Fukuoka,1987,6.603571428571429,8.890322580645162
Fukuoka,1988,5.068965517241379,7.935483870967742
Fukuoka,1989,7.542857142857143,9.051612903225807
Fukuoka,1990,8.635714285714286,10.325806451612904
Fukuoka,1991,5.246428571428572,9.832258064516129
Fukuoka,1992,6.30344827586207,10.041935483870969
Fukuoka,1993,7.064285714285715,8.406451612903227
Fukuoka,1994,6.0321428571428575,7.4
Fukuoka,1995,5.760714285714286,9.258064516129032
Fukuoka,1996,4.896551724137931,8.641935483870967
Fukuoka,1997,6.417857142857143,10.170967741935485
Fukuoka,1998,8.246428571428572,9.54516129032258
Fukuoka,1999,6.3500000000000005,10.19032258064516
Fukuoka,2000,4.793103448275862,8.783870967741937
Fukuoka,2001,6.642857142857143,9.493548387096777
Fukuoka,2002,7.039285714285714,10.74516129032258
Fukuoka,2003,7.089285714285714,8.738709677419354
Fukuoka,2004,7.69655172413793,9.54516129032258
Fukuoka,2005,5.442857142857143,8.403225806451612
Fukuoka,2006,6.6000000000000005,8.803225806451612
Fukuoka,2007,8.578571428571427,9.793548387096775
Fukuoka,2008,5.189655172413793,9.493548387096777
Fukuoka,2009,8.807142857142857,10.306451612903226
Fukuoka,2010,8.060714285714285,9.612903225806452
Fukuoka,2011,7.128571428571428,7.429032258064517
Fukuoka,2012,4.962068965517242,9.112903225806452
Fukuoka,2013,6.360714285714286,10.548387096774194
Fukuoka,2014,6.557142857142857,10.116129032258064
Fukuoka,2015,6.042857142857143,9.396774193548389
Fukuoka,2016,6.334482758620689,9.925806451612903
Fukuoka,2017,6.557142857142857,8.619354838709677
Fukuoka,2018,4.803571428571429,10.19032258064516
Fukuoka,2019,7.682142857142857,9.90967741935484
Fukuoka,2020,7.989655172413792,10.48709677419355
Fukuoka,2021,8.15,11.603225806451611
Fukuoka,2022,4.596428571428571,10.729032258064516
Fukuoka,2023,7.278571428571429,11.651612903225804
Fukuoka,2024,8.4,9.961290322580645
Kyoto,1953,3.2785714285714285,7.803225806451613
Kyoto,1954,4.482142857142857,6.845161290322581
Kyoto,1955,4.553571428571429,7.487096774193549
Kyoto,1956,2.3517241379310345,7.035483870967742
Kyoto,1957,2.9071428571428575,4.767741935483872
Kyoto,1958,4.942857142857143,7.193548387096774
Kyoto,1959,6.553571428571429,8.087096774193547
Kyoto,1960,5.189655172413793,8.016129032258064
Kyoto,1961,2.457142857142857,7.241935483870968
Kyoto,1962,3.871428571428571,6.825806451612903
Kyoto,1963,1.907142857142857,6.47741935483871
Kyoto,1964,2.5586206896551724,5.929032258064517
Kyoto,1965,3.025,4.974193548387096
Kyoto,1966,5.3999999999999995,8.174193548387096
Kyoto,1967,3.2892857142857146,7.070967741935483
Kyoto,1968,0.2034482758620689,6.84516129032258
Kyoto,1969,4.0928571428571425,5.422580645161291
Kyoto,1970,3.9214285714285713,3.829032258064516
Kyoto,1971,3.6357142857142857,5.945161290322581
Kyoto,1972,4.393103448275863,7.412903225806452
Kyoto,1973,4.853571428571429,5.993548387096775
Kyoto,1974,2.742857142857143,5.9
Kyoto,1975,2.625,6.509677419354839
Kyoto,1976,5.824137931034483,7.135483870967741
Kyoto,1977,2.1714285714285713,7.725806451612903
Kyoto,1978,1.6035714285714284,5.745161290322581
Kyoto,1979,6.228571428571429,6.951612903225806
Kyoto,1980,1.4793103448275862,5.512903225806451
Kyoto,1981,2.5,7.064516129032258
Kyoto,1982,2.8035714285714284,7.603225806451612
Kyoto,1983,3.003571428571429,6.906451612903226
Kyoto,1984,-0.4482758620689655,3.890322580645161
Kyoto,1985,4.164285714285714,7.438709677419355
Kyoto,1986,1.7535714285714286,6.303225806451613
Kyoto,1987,4.121428571428572,6.622580645161291
Kyoto,1988,2.6758620689655173,6.174193548387097
Kyoto,1989,5.2178571428571425,7.348387096774194
Kyoto,1990,6.039285714285714,7.987096774193549
Kyoto,1991,3.0749999999999997,7.577419354838709
Kyoto,1992,4.103448275862069,8.064516129032258
Kyoto,1993,5.017857142857143,6.306451612903226
Kyoto,1994,2.917857142857143,5.590322580645162
Kyoto,1995,3.732142857142857,7.52258064516129
Kyoto,1996,2.993103448275862,6.593548387096774
Kyoto,1997,3.5892857142857144,7.961290322580646
Kyoto,1998,5.603571428571429,8.138709677419355
Kyoto,1999,3.5749999999999997,8.341935483870968
Kyoto,2000,2.4,6.383870967741935
Kyoto,2001,3.9857142857142858,7.206451612903226
Kyoto,2002,4.4071428571428575,9.038709677419355
Kyoto,2003,4.253571428571428,6.27741935483871
Kyoto,2004,5.372413793103449,7.438709677419355
Kyoto,2005,3.585714285714286,6.841935483870968
Kyoto,2006,4.639285714285714,6.796774193548388
Kyoto,2007,6.246428571428572,7.835483870967742
Kyoto,2008,2.6206896551724137,8.641935483870967
Kyoto,2009,5.835714285714286,7.854838709677419
Kyoto,2010,5.910714285714286,7.54516129032258
Kyoto,2011,5.439285714285715,6.132258064516129
Kyoto,2012,2.634482758620689,7.122580645161291
Kyoto,2013,3.7714285714285714,8.696774193548388
Kyoto,2014,3.882142857142857,8.003225806451614
Kyoto,2015,4.378571428571428,8.116129032258064
Kyoto,2016,4.941379310344827,8.370967741935484
Kyoto,2017,3.371428571428571,6.254838709677419
Kyoto,2018,2.3285714285714287,8.661290322580646
Kyoto,2019,4.878571428571428,7.851612903225806
Kyoto,2020,5.296551724137931,8.648387096774194
Kyoto,2021,5.510714285714286,9.516129032258064
Kyoto,2022,2.2285714285714286,8.503225806451614
Kyoto,2023,4.310714285714286,10.029032258064516
Kyoto,2024,5.913793103448276,6.935483870967742
Osaka,1953,3.8428571428571425,8.167741935483871
Osaka,1954,5.039285714285714,7.193548387096774
Osaka,1955,4.989285714285714,7.800000000000001
Osaka,1956,2.913793103448276,7.52258064516129
Osaka,1957,3.460714285714286,5.306451612903226
Osaka,1958,5.3428571428571425,7.651612903225806
Osaka,1959,6.925,8.583870967741936
Osaka,1960,5.4896551724137925,8.32258064516129
Osaka,1961,3.0107142857142857,7.612903225806452
Osaka,1962,4.703571428571428,7.287096774193548
Osaka,1963,2.5464285714285713,6.690322580645161
Osaka,1964,2.975862068965517,6.448387096774193
Osaka,1965,3.710714285714286,5.535483870967742
Osaka,1966,5.7749999999999995,8.638709677419355
Osaka,1967,3.8964285714285714,7.412903225806452
Osaka,1968,0.9034482758620692,7.374193548387097
Osaka,1969,4.4714285714285715,6.245161290322581
Osaka,1970,4.671428571428572,4.435483870967742
Osaka,1971,4.178571428571429,6.374193548387097
Osaka,1972,4.720689655172414,7.793548387096774
Osaka,1973,5.353571428571429,6.483870967741935
Osaka,1974,3.4250000000000003,6.358064516129032
Osaka,1975,3.492857142857143,7.116129032258065
Osaka,1976,6.182758620689656,7.548387096774194
Osaka,1977,2.7178571428571425,8.212903225806452
Osaka,1978,2.5,6.561290322580645
Osaka,1979,6.75,7.516129032258065
Osaka,1980,2.317241379310345,6.193548387096774
Osaka,1981,3.167857142857143,7.603225806451612
Osaka,1982,3.4857142857142853,7.883870967741935
Osaka,1983,3.6607142857142856,7.290322580645161
Osaka,1984,0.9275862068965518,4.699999999999999
Osaka,1985,4.646428571428571,7.870967741935484
Osaka,1986,2.4250000000000003,6.861290322580645
Osaka,1987,4.728571428571429,7.125806451612903
Osaka,1988,3.382758620689655,6.854838709677419
Osaka,1989,5.864285714285714,7.816129032258065
Osaka,1990,6.428571428571429,8.412903225806453
Osaka,1991,3.7,8.006451612903225
Osaka,1992,4.7,8.55483870967742
Osaka,1993,5.610714285714286,6.780645161290322
Osaka,1994,3.5107142857142857,6.170967741935484
Osaka,1995,4.425,8.003225806451614
Osaka,1996,3.513793103448276,7.109677419354839
Osaka,1997,4.310714285714286,8.432258064516128
Osaka,1998,6.142857142857143,8.674193548387096
Osaka,1999,4.371428571428572,8.654838709677419
Osaka,2000,3.203448275862069,7.161290322580645
Osaka,2001,4.732142857142857,7.919354838709677
Osaka,2002,4.964285714285714,9.535483870967743
Osaka,2003,4.807142857142857,6.780645161290322
Osaka,2004,5.968965517241379,7.993548387096775
Osaka,2005,4.2785714285714285,7.558064516129033
Osaka,2006,5.167857142857143,7.261290322580645
Osaka,2007,6.971428571428571,8.435483870967742
Osaka,2008,3.3551724137931034,9.096774193548388
Osaka,2009,6.492857142857143,8.425806451612903
Osaka,2010,6.360714285714286,8.206451612903226
Osaka,2011,5.885714285714286,6.699999999999999
Osaka,2012,3.3241379310344827,7.719354838709678
Osaka,2013,4.378571428571428,9.070967741935483
Osaka,2014,4.3,8.53225806451613
Osaka,2015,4.914285714285714,8.490322580645161
Osaka,2016,5.548275862068966,8.754838709677419
Osaka,2017,4.932142857142857,7.687096774193549
Osaka,2018,3.753571428571429,9.374193548387098
Osaka,2019,6.175,9.05483870967742
Osaka,2020,6.575862068965517,9.761290322580646
Osaka,2021,7.035714285714286,10.448387096774193
Osaka,2022,3.946428571428571,9.50967741935484
Osaka,2023,5.385714285714285,10.86774193548387
Osaka,2024,7.024137931034482,8.248387096774193
Matsue,1953,5.460714285714286,8.761290322580646
Matsue,1954,6.682142857142857,8.05483870967742
Matsue,1955,6.721428571428571,8.229032258064516
Matsue,1956,3.8344827586206898,7.935483870967742
Matsue,1957,4.332142857142857,6.074193548387097
Matsue,1958,7.021428571428571,8.370967741935484
Matsue,1959,8.303571428571429,9.03225806451613
Matsue,1960,7.389655172413794,8.970967741935485
Matsue,1961,4.35,8.654838709677419
Matsue,1962,6.164285714285714,8.283870967741937
Matsue,1963,3.039285714285714,7.541935483870968
Matsue,1964,4.106896551724137,7.609677419354839
Matsue,1965,5.082142857142857,6.580645161290323
Matsue,1966,7.557142857142857,9.448387096774193
Matsue,1967,4.989285714285714,8.761290322580646
Matsue,1968,2.206896551724138,8.087096774193549
Matsue,1969,5.7749999999999995,7.109677419354839
Matsue,1970,6.6499999999999995,5.038709677419354
Matsue,1971,4.9071428571428575,7.148387096774194
Matsue,1972,6.131034482758621,8.561290322580644
Matsue,1973,7.125,8.074193548387097
Matsue,1974,4.853571428571429,7.367741935483871
Matsue,1975,4.739285714285714,8.003225806451614
Matsue,1976,7.631034482758621,8.248387096774193
Matsue,1977,3.721428571428571,8.66451612903226
Matsue,1978,4.114285714285715,7.803225806451613
Matsue,1979,7.432142857142857,8.529032258064515
Matsue,1980,3.775862068965518,7.683870967741936
Matsue,1981,4.635714285714286,8.393548387096773
Matsue,1982,5.189285714285715,8.648387096774194
Matsue,1983,4.728571428571429,8.26774193548387
Matsue,1984,2.575862068965517,5.758064516129032
Matsue,1985,5.7749999999999995,8.251612903225807
Matsue,1986,2.9892857142857143,7.151612903225806
Matsue,1987,6.464285714285714,7.906451612903226
Matsue,1988,4.413793103448276,7.316129032258065
Matsue,1989,6.996428571428572,8.529032258064515
Matsue,1990,7.846428571428572,9.26774193548387
Matsue,1991,4.878571428571428,8.287096774193548
Matsue,1992,6.3,8.890322580645162
Matsue,1993,7.182142857142857,7.890322580645161
Matsue,1994,5.714285714285714,7.087096774193548
Matsue,1995,5.45,8.90967741935484
Matsue,1996,4.586206896551724,7.664516129032258
Matsue,1997,5.553571428571429,9.3
Matsue,1998,7.664285714285714,9.63548387096774
Matsue,1999,5.896428571428571,9.551612903225807
Matsue,2000,4.4896551724137925,8.464516129032257
Matsue,2001,6.267857142857143,8.390322580645162
Matsue,2002,7.264285714285714,10.461290322580645
Matsue,2003,6.632142857142857,7.938709677419355
Matsue,2004,7.817241379310344,8.796774193548387
Matsue,2005,5.353571428571429,8.196774193548388
Matsue,2006,6.403571428571429,8.119354838709677
Matsue,2007,8.607142857142858,9.293548387096775
Matsue,2008,5.0103448275862075,9.17741935483871
Matsue,2009,8.135714285714286,9.27741935483871
Matsue,2010,7.1571428571428575,8.432258064516128
Matsue,2011,6.803571428571429,7.096774193548387
Matsue,2012,4.6000000000000005,8.338709677419354
Matsue,2013,5.7749999999999995,9.674193548387096
Matsue,2014,5.7,9.041935483870969
Matsue,2015,6.203571428571428,8.72258064516129
Matsue,2016,6.568965517241379,9.380645161290325
Matsue,2017,4.739285714285714,6.770967741935484
Matsue,2018,2.9857142857142853,8.580645161290322
Matsue,2019,5.925,8.270967741935483
Matsue,2020,6.382758620689655,8.932258064516128
Matsue,2021,6.728571428571429,9.3
Matsue,2022,3.642857142857143,8.82258064516129
Matsue,2023,5.257142857142857,9.916129032258064
Matsue,2024,6.4655172413793105,7.929032258064516
Wakkanai,1953,-7.353571428571429,-1.4806451612903226
Wakkanai,1954,-4.639285714285714,-3.0064516129032257
Wakkanai,1955,-5.796428571428572,-2.764516129032258
Wakkanai,1956,-5.568965517241379,-2.332258064516129
Wakkanai,1957,-6.292857142857143,-3.225806451612903
Wakkanai,1958,-4.3428571428571425,-2.8161290322580643
Wakkanai,1959,-3.7357142857142858,-0.2967741935483871
Wakkanai,1960,-5.372413793103449,-2.3225806451612905
Wakkanai,1961,-5.285714285714286,-2.0935483870967744
Wakkanai,1962,-6.067857142857143,-3.358064516129032
Wakkanai,1963,-3.9785714285714286,-1.2935483870967743
Wakkanai,1964,-7.751724137931035,-1.867741935483871
Wakkanai,1965,-6.235714285714286,-2.832258064516129
Wakkanai,1966,-6.496428571428572,-1.929032258064516
Wakkanai,1967,-6.4750000000000005,-1.961290322580645
Wakkanai,1968,-5.210344827586207,-0.1451612903225806
Wakkanai,1969,-7.314285714285715,-3.47741935483871
Wakkanai,1970,-4.971428571428571,-4.135483870967741
Wakkanai,1971,-4.875,-1.9483870967741936
Wakkanai,1972,-4.975862068965518,-0.8419354838709677
Wakkanai,1973,-5.528571428571429,-3.4000000000000004
Wakkanai,1974,-5.132142857142857,-2.8548387096774195
Wakkanai,1975,-5.846428571428571,-1.8258064516129031
Wakkanai,1976,-4.162068965517242,-2.361290322580645
Wakkanai,1977,-7.425,-1.8161290322580643
Wakkanai,1978,-8.4,-2.3161290322580643
Wakkanai,1979,-5.517857142857143,-3.658064516129032
Wakkanai,1980,-8.73793103448276,-3.0290322580645164
Wakkanai,1981,-8.153571428571428,-4.396774193548388
Wakkanai,1982,-6.9750000000000005,-1.8129032258064517
Wakkanai,1983,-8.925,-3.570967741935484
Wakkanai,1984,-7.993103448275862,-4.409677419354838
Wakkanai,1985,-5.45,-2.2129032258064516
Wakkanai,1986,-8.553571428571429,-3.496774193548387
Wakkanai,1987,-6.8,-2.4096774193548387
Wakkanai,1988,-8.013793103448275,-2.9451612903225803
Wakkanai,1989,-3.8857142857142857,-0.2967741935483871
Wakkanai,1990,-3.95,-0.7290322580645161
Wakkanai,1991,-5.303571428571429,-2.4419354838709677
Wakkanai,1992,-4.910344827586207,-1.8516129032258064
Wakkanai,1993,-4.803571428571429,-1.8258064516129031
Wakkanai,1994,-4.039285714285714,-2.696774193548387
Wakkanai,1995,-5.421428571428572,-2.351612903225807
Wakkanai,1996,-5.972413793103448,-2.4612903225806453
Wakkanai,1997,-4.682142857142857,-2.6903225806451614
Wakkanai,1998,-6.6000000000000005,-1.1870967741935483
Wakkanai,1999,-7.075,-3.8451612903225807
Wakkanai,2000,-7.5344827586206895,-3.4419354838709677
Wakkanai,2001,-8.907142857142857,-3.4741935483870967
Wakkanai,2002,-2.5357142857142856,-0.9774193548387096
Wakkanai,2003,-7.503571428571428,-2.306451612903226
Wakkanai,2004,-4.403448275862069,-1.893548387096774
Wakkanai,2005,-7.075,-2.196774193548387
Wakkanai,2006,-5.625,-1.470967741935484
Wakkanai,2007,-4.2821428571428575,-1.961290322580645
Wakkanai,2008,-5.482758620689655,0.0903225806451612
Wakkanai,2009,-5.135714285714286,-0.7516129032258064
Wakkanai,2010,-5.8999999999999995,-2.096774193548387
Wakkanai,2011,-3.15,-1.7548387096774194
Wakkanai,2012,-7.320689655172414,-3.264516129032258
Wakkanai,2013,-6.221428571428571,-2.229032258064516
Wakkanai,2014,-5.325,-2.390322580645161
Wakkanai,2015,-2.9499999999999997,1.283870967741935
Wakkanai,2016,-5.896551724137931,-0.6387096774193549
Wakkanai,2017,-3.628571428571429,-1.4129032258064516
Wakkanai,2018,-5.807142857142857,-0.5645161290322581
Wakkanai,2019,-5.060714285714285,-0.8741935483870967
Wakkanai,2020,-4.7620689655172415,0.0258064516129032
Wakkanai,2021,-3.95,0.5483870967741935
Wakkanai,2022,-4.107142857142857,0.2548387096774193
Wakkanai,2023,-5.135714285714286,1.8870967741935485
Wakkanai,2024,-4.472413793103448,-1.3741935483870968
Iwamizawa,1953,-9.332142857142856,-2.109677419354839
Iwamizawa,1954,-5.735714285714286,-3.658064516129032
Iwamizawa,1955,-6.796428571428572,-3.583870967741935
Iwamizawa,1956,-7.36551724137931,-2.5903225806451613
Iwamizawa,1957,-8.52142857142857,-3.870967741935484
Iwamizawa,1958,-5.3999999999999995,-3.0870967741935487
Iwamizawa,1959,-5.207142857142857,-0.8419354838709677
Iwamizawa,1960,-5.996551724137931,-2.825806451612903
Iwamizawa,1961,-6.989285714285714,-2.6129032258064515
Iwamizawa,1962,-7.621428571428572,-3.806451612903226
Iwamizawa,1963,-5.492857142857143,-1.6935483870967742
Iwamizawa,1964,-9.282758620689656,-2.6548387096774193
Iwamizawa,1965,-7.442857142857143,-3.5
Iwamizawa,1966,-7.132142857142857,-1.7096774193548387
Iwamizawa,1967,-7.821428571428571,-2.296774193548387
Iwamizawa,1968,-8.162068965517241,-0.7774193548387097
Iwamizawa,1969,-8.485714285714286,-4.467741935483871
Iwamizawa,1970,-5.671428571428572,-5.051612903225807
Iwamizawa,1971,-6.596428571428571,-2.3806451612903223
Iwamizawa,1972,-6.282758620689655,-1.2935483870967743
Iwamizawa,1973,-5.060714285714285,-4.119354838709677
Iwamizawa,1974,-5.6499999999999995,-3.0483870967741935
Iwamizawa,1975,-7.346428571428571,-2.435483870967742
Iwamizawa,1976,-5.020689655172413,-2.358064516129032
Iwamizawa,1977,-8.560714285714285,-2.064516129032258
Iwamizawa,1978,-10.285714285714286,-2.958064516129032
Iwamizawa,1979,-5.542857142857143,-3.306451612903226
Iwamizawa,1980,-8.079310344827586,-3.2548387096774194
Iwamizawa,1981,-5.317857142857143,-2.570967741935484
Iwamizawa,1982,-8.532142857142857,-1.9935483870967745
Iwamizawa,1983,-8.35357142857143,-3.287096774193548
Iwamizawa,1984,-8.848275862068967,-5.145161290322581
Iwamizawa,1985,-5.153571428571429,-2.890322580645161
Iwamizawa,1986,-8.992857142857144,-2.948387096774194
Iwamizawa,1987,-7.039285714285714,-2.6258064516129034
Iwamizawa,1988,-8.36551724137931,-2.838709677419355
Iwamizawa,1989,-4.982142857142857,-0.1677419354838709
Iwamizawa,1990,-4.296428571428572,-0.6451612903225806
Iwamizawa,1991,-7.128571428571428,-2.9741935483870967
Iwamizawa,1992,-6.389655172413793,-2.429032258064516
Iwamizawa,1993,-5.542857142857143,-2.261290322580645
Iwamizawa,1994,-4.821428571428571,-3.480645161290323
Iwamizawa,1995,-6.2,-2.1129032258064515
Iwamizawa,1996,-6.8310344827586205,-2.6548387096774193
Iwamizawa,1997,-5.610714285714286,-2.6129032258064515
Iwamizawa,1998,-7.525,-1.564516129032258
Iwamizawa,1999,-7.060714285714285,-3.6193548387096777
Iwamizawa,2000,-7.5,-3.274193548387097
Iwamizawa,2001,-8.72857142857143,-2.7838709677419353
Iwamizawa,2002,-3.95,-0.7903225806451613
Iwamizawa,2003,-7.1499999999999995,-2.8870967741935485
Iwamizawa,2004,-4.320689655172414,-2.393548387096774
Iwamizawa,2005,-7.314285714285715,-2.851612903225807
Iwamizawa,2006,-5.7821428571428575,-1.6935483870967742
Iwamizawa,2007,-4.964285714285714,-1.961290322580645
Iwamizawa,2008,-6.758620689655173,0.2193548387096774
Iwamizawa,2009,-5.264285714285714,-0.9806451612903224
Iwamizawa,2010,-6.432142857142857,-2.5354838709677416
Iwamizawa,2011,-4.117857142857143,-2.635483870967742
Iwamizawa,2012,-7.924137931034482,-2.6903225806451614
Iwamizawa,2013,-6.710714285714286,-2.109677419354839
Iwamizawa,2014,-6.6571428571428575,-2.4129032258064513
Iwamizawa,2015,-4.021428571428571,1.0612903225806452
Iwamizawa,2016,-5.455172413793103,-1.096774193548387
Iwamizawa,2017,-4.4714285714285715,-1.3419354838709678
Iwamizawa,2018,-7.039285714285714,0.635483870967742
Iwamizawa,2019,-5.167857142857143,0.0774193548387096
Iwamizawa,2020,-4.913793103448276,1.1387096774193548
Iwamizawa,2021,-4.117857142857143,1.8451612903225805
Iwamizawa,2022,-4.685714285714285,0.2483870967741935
Iwamizawa,2023,-5.264285714285714,2.487096774193548
Iwamizawa,2024,-5.2,-3.129032258064516
Urakawa,1953,-6.421428571428572,-0.4419354838709677
Urakawa,1954,-3.6607142857142856,-1.9806451612903224
Urakawa,1955,-4.660714285714286,-2.261290322580645
Urakawa,1956,-4.586206896551724,-0.9064516129032258
Urakawa,1957,-5.728571428571429,-2.3741935483870966
Urakawa,1958,-3.210714285714286,-1.467741935483871
Urakawa,1959,-3.1357142857142857,-0.0483870967741935
Urakawa,1960,-3.393103448275862,-1.4516129032258065
Urakawa,1961,-4.632142857142857,-1.2741935483870968
Urakawa,1962,-5.096428571428571,-2.064516129032258
Urakawa,1963,-3.5535714285714284,-0.6516129032258065
Urakawa,1964,-6.682758620689656,-1.3225806451612905
Urakawa,1965,-5.053571428571429,-2.0451612903225804
Urakawa,1966,-4.853571428571429,-0.2645161290322581
Urakawa,1967,-5.239285714285714,-0.3193548387096773
Urakawa,1968,-5.582758620689655,0.4741935483870968
Urakawa,1969,-5.596428571428571,-2.4741935483870967
Urakawa,1970,-3.9785714285714286,-3.203225806451613
Urakawa,1971,-4.457142857142857,-1.0903225806451613
Urakawa,1972,-3.810344827586207,0.0225806451612903
Urakawa,1973,-2.7714285714285714,-2.061290322580645
Urakawa,1974,-3.539285714285714,-1.716129032258065
Urakawa,1975,-4.635714285714286,-1.135483870967742
Urakawa,1976,-3.027586206896552,-1.1129032258064515
Urakawa,1977,-5.253571428571428,-1.103225806451613
Urakawa,1978,-7.2821428571428575,-1.432258064516129
Urakawa,1979,-3.814285714285714,-1.7903225806451613
Urakawa,1980,-5.962068965517242,-1.5516129032258066
Urakawa,1981,-4.253571428571428,-1.764516129032258
Urakawa,1982,-5.482142857142857,-0.7161290322580645
Urakawa,1983,-5.760714285714286,-1.670967741935484
Urakawa,1984,-6.424137931034483,-3.1322580645161286
Urakawa,1985,-3.3464285714285715,-1.2354838709677418
Urakawa,1986,-5.828571428571428,-1.8096774193548388
Urakawa,1987,-4.95,-1.216129032258065
Urakawa,1988,-5.903448275862068,-1.525806451612903
Urakawa,1989,-3.0928571428571425,0.4999999999999999
Urakawa,1990,-2.0678571428571426,0.1838709677419354
Urakawa,1991,-4.117857142857143,-1.4096774193548385
Urakawa,1992,-3.627586206896552,-1.3193548387096774
Urakawa,1993,-3.3428571428571425,-0.7741935483870968
Urakawa,1994,-3.2178571428571425,-1.9129032258064516
Urakawa,1995,-3.7714285714285714,-1.1709677419354838
Urakawa,1996,-4.413793103448276,-1.3806451612903226
Urakawa,1997,-3.582142857142857,-1.3741935483870968
Urakawa,1998,-5.114285714285714,-0.3
Urakawa,1999,-4.4035714285714285,-2.225806451612903
Urakawa,2000,-5.103448275862069,-1.7064516129032257
Urakawa,2001,-6.421428571428572,-1.7064516129032257
Urakawa,2002,-2.460714285714286,0.3032258064516129
Urakawa,2003,-4.6499999999999995,-1.429032258064516
Urakawa,2004,-2.3689655172413793,-0.8838709677419354
Urakawa,2005,-4.985714285714286,-1.238709677419355
Urakawa,2006,-3.767857142857143,-0.0451612903225806
Urakawa,2007,-2.835714285714286,-0.7612903225806452
Urakawa,2008,-4.203448275862069,1.8225806451612905
Urakawa,2009,-2.857142857142857,0.6580645161290322
Urakawa,2010,-4.142857142857143,-1.4387096774193548
Urakawa,2011,-2.275,-0.9032258064516128
Urakawa,2012,-5.568965517241379,-1.1096774193548389
Urakawa,2013,-4.610714285714286,-0.7580645161290323
Urakawa,2014,-4.707142857142857,-1.164516129032258
Urakawa,2015,-2.996428571428571,1.280645161290323
Urakawa,2016,-3.3586206896551727,0.8096774193548387
Urakawa,2017,-2.975,-0.0612903225806451
Urakawa,2018,-4.2,1.8161290322580643
Urakawa,2019,-2.9642857142857144,1.0903225806451615
Urakawa,2020,-3.0931034482758624,2.2903225806451615
Urakawa,2021,-3.1464285714285714,3.1451612903225805
Urakawa,2022,-3.5785714285714287,0.5645161290322581
Urakawa,2023,-3.925,3.267741935483871
Urakawa,2024,-2.910344827586207,-0.8483870967741934
Akita,1953,-1.8857142857142857,3.0290322580645164
Akita,1954,0.3607142857142857,2.009677419354839
Akita,1955,-0.3964285714285714,1.303225806451613
Akita,1956,-1.3275862068965518,2.1774193548387095
Akita,1957,-1.425,1.0483870967741935
Akita,1958,0.9285714285714286,2.135483870967742
Akita,1959,1.3535714285714284,4.125806451612903
Akita,1960,0.8586206896551724,2.2838709677419353
Akita,1961,-0.7214285714285714,2.225806451612903
Akita,1962,-0.4785714285714285,1.432258064516129
Akita,1963,-0.3321428571428572,1.9064516129032256
Akita,1964,-1.7241379310344829,1.7000000000000002
Akita,1965,-1.6535714285714285,0.6064516129032258
Akita,1966,-0.4035714285714286,3.167741935483871
Akita,1967,-0.95,2.4419354838709677
Akita,1968,-1.3655172413793104,3.2580645161290325
Akita,1969,-1.4107142857142858,0.867741935483871
Akita,1970,-0.0678571428571428,-0.635483870967742
Akita,1971,-0.6964285714285714,1.9903225806451617
Akita,1972,-0.5172413793103449,3.7161290322580647
Akita,1973,1.025,0.8870967741935484
Akita,1974,-0.175,1.3903225806451611
Akita,1975,-0.6107142857142858,2.4451612903225803
Akita,1976,0.1,2.6870967741935483
Akita,1977,-0.85,2.7419354838709675
Akita,1978,-2.835714285714286,2.0483870967741935
Akita,1979,1.092857142857143,2.7225806451612904
Akita,1980,-2.0586206896551724,1.3096774193548388
Akita,1981,-0.2964285714285714,1.5838709677419356
Akita,1982,-1.6178571428571429,2.370967741935484
Akita,1983,-1.4142857142857144,1.9516129032258065
Akita,1984,-2.9172413793103447,-0.0516129032258064
Akita,1985,-0.1357142857142857,1.280645161290323
Akita,1986,-2.1785714285714284,1.596774193548387
Akita,1987,-0.8535714285714285,1.8483870967741935
Akita,1988,-2.703448275862069,1.6774193548387095
Akita,1989,0.8928571428571429,4.274193548387097
Akita,1990,1.55,4.441935483870967
Akita,1991,-0.525,1.9387096774193548
Akita,1992,-0.1862068965517241,2.5354838709677416
Akita,1993,0.9678571428571427,2.454838709677419
Akita,1994,0.0678571428571428,1.1451612903225807
Akita,1995,-0.4357142857142856,2.293548387096774
Akita,1996,-0.9862068965517242,1.8387096774193548
Akita,1997,0.375,2.7419354838709675
Akita,1998,-0.3107142857142858,3.42258064516129
Akita,1999,-0.6785714285714286,2.361290322580645
Akita,2000,-0.9379310344827586,2.070967741935484
Akita,2001,-1.6928571428571428,2.661290322580645
Akita,2002,0.8035714285714286,4.883870967741935
Akita,2003,-0.05,2.3193548387096774
Akita,2004,1.2965517241379312,3.5387096774193547
Akita,2005,-1.592857142857143,1.864516129032258
Akita,2006,0.0035714285714285,2.8741935483870966
Akita,2007,2.039285714285714,2.764516129032258
Akita,2008,-0.6620689655172414,5.374193548387097
Akita,2009,1.1071428571428572,3.616129032258064
Akita,2010,-0.1035714285714285,2.9483870967741934
Akita,2011,0.8642857142857142,1.8612903225806452
Akita,2012,-1.6655172413793102,2.5806451612903225
Akita,2013,-1.0392857142857144,2.761290322580645
Akita,2014,-0.8678571428571429,3.0999999999999996
Akita,2015,1.3071428571428572,4.854838709677419
Akita,2016,0.4206896551724138,4.374193548387097
Akita,2017,0.3892857142857143,3.238709677419355
Akita,2018,-0.8892857142857142,4.935483870967742
Akita,2019,1.5392857142857144,5.109677419354839
Akita,2020,2.555172413793103,6.122580645161291
Akita,2021,1.525,6.083870967741936
Akita,2022,0.2357142857142857,4.590322580645162
Akita,2023,0.7821428571428571,6.919354838709677
Akita,2024,2.679310344827586,3.7838709677419353
Fukui,1953,2.0892857142857144,6.732258064516128
Fukui,1954,3.392857142857143,6.096774193548387
Fukui,1955,3.3214285714285716,6.416129032258064
Fukui,1956,1.1586206896551725,5.577419354838709
Fukui,1957,2.3642857142857143,3.5258064516129033
Fukui,1958,3.825,6.229032258064516
Fukui,1959,5.792857142857143,7.093548387096774
Fukui,1960,3.9655172413793105,7.287096774193548
Fukui,1961,1.2214285714285715,5.112903225806452
Fukui,1962,2.7285714285714286,5.987096774193549
Fukui,1963,1.2035714285714287,4.309677419354839
Fukui,1964,1.5,5.112903225806452
Fukui,1965,2.225,3.454838709677419
Fukui,1966,4.396428571428571,7.135483870967741
Fukui,1967,2.003571428571429,6.251612903225807
Fukui,1968,0.5896551724137932,4.958064516129033
Fukui,1969,3.2392857142857143,4.887096774193548
Fukui,1970,3.317857142857143,1.864516129032258
Fukui,1971,2.5285714285714285,4.290322580645161
Fukui,1972,3.796551724137931,6.348387096774194
Fukui,1973,3.992857142857143,4.835483870967742
Fukui,1974,2.0785714285714283,4.238709677419355
Fukui,1975,2.1142857142857143,5.577419354838709
Fukui,1976,4.706896551724138,6.145161290322581
Fukui,1977,1.3035714285714286,5.890322580645161
Fukui,1978,1.1392857142857142,4.912903225806452
Fukui,1979,5.989285714285714,6.506451612903225
Fukui,1980,1.362068965517241,4.896774193548388
Fukui,1981,2.092857142857143,5.241935483870968
Fukui,1982,1.9035714285714287,6.380645161290323
Fukui,1983,1.6928571428571428,5.661290322580645
Fukui,1984,0.3206896551724138,2.480645161290323
Fukui,1985,3.0321428571428575,6.238709677419355
Fukui,1986,0.4,4.374193548387097
Fukui,1987,3.507142857142857,6.103225806451612
Fukui,1988,1.3206896551724137,5.261290322580645
Fukui,1989,5.0321428571428575,7.074193548387097
Fukui,1990,5.857142857142857,7.319354838709677
Fukui,1991,1.9892857142857143,6.051612903225807
Fukui,1992,3.1241379310344826,7.229032258064516
Fukui,1993,3.7642857142857142,5.232258064516128
Fukui,1994,2.5214285714285714,4.619354838709677
Fukui,1995,2.1607142857142856,6.438709677419355
Fukui,1996,1.6413793103448275,5.093548387096774
Fukui,1997,2.417857142857143,7.067741935483871
Fukui,1998,4.171428571428572,7.070967741935483
Fukui,1999,2.382142857142857,7.738709677419355
Fukui,2000,1.603448275862069,5.087096774193548
Fukui,2001,3.267857142857143,6.235483870967743
Fukui,2002,4.25,8.370967741935484
Fukui,2003,3.5500000000000003,5.812903225806451
Fukui,2004,4.482758620689655,7.041935483870968
Fukui,2005,2.789285714285714,6.225806451612903
Fukui,2006,3.725,6.051612903225807
Fukui,2007,6.0928571428571425,6.929032258064517
Fukui,2008,1.9,7.712903225806452
Fukui,2009,5.685714285714285,7.338709677419355
Fukui,2010,5.103571428571429,6.861290322580645
Fukui,2011,4.017857142857143,4.754838709677419
Fukui,2012,2.0620689655172413,6.145161290322581
Fukui,2013,2.482142857142857,7.912903225806452
Fukui,2014,3.4678571428571425,6.996774193548387
Fukui,2015,4.0321428571428575,7.248387096774193
Fukui,2016,4.793103448275862,7.945161290322581
Fukui,2017,2.6142857142857143,5.538709677419354
Fukui,2018,0.7678571428571429,7.693548387096774
Fukui,2019,4.475,7.209677419354839
Fukui,2020,5.344827586206897,7.754838709677419
Fukui,2021,5.0,8.735483870967743
Fukui,2022,1.2571428571428571,7.580645161290323
Fukui,2023,3.492857142857143,9.216129032258063
Fukui,2024,4.93448275862069,5.970967741935484
Oita,1953,5.560714285714285,9.248387096774191
Oita,1954,6.589285714285714,8.483870967741936
Oita,1955,6.435714285714285,9.47741935483871
Oita,1956,4.0793103448275865,8.754838709677419
Oita,1957,4.071428571428571,7.109677419354839
Oita,1958,6.9071428571428575,9.1
Oita,1959,8.864285714285716,9.735483870967744
Oita,1960,6.931034482758621,9.970967741935484
Oita,1961,4.632142857142857,9.37741935483871
Oita,1962,6.35,8.52258064516129
Oita,1963,2.935714285714286,8.422580645161291
Oita,1964,4.80344827586207,8.387096774193548
Oita,1965,5.432142857142857,7.27741935483871
Oita,1966,7.753571428571428,10.774193548387096
Oita,1967,5.310714285714285,9.25483870967742
Oita,1968,1.9724137931034484,8.461290322580645
Oita,1969,6.392857142857143,7.806451612903226
Oita,1970,6.728571428571429,5.922580645161291
Oita,1971,5.439285714285715,7.951612903225806
Oita,1972,6.6000000000000005,9.541935483870969
Oita,1973,7.160714285714286,8.90967741935484
Oita,1974,5.221428571428571,8.158064516129032
Oita,1975,5.3,8.748387096774193
Oita,1976,8.16551724137931,8.829032258064515
Oita,1977,3.128571428571429,9.283870967741937
Oita,1978,4.442857142857143,7.909677419354838
Oita,1979,7.578571428571428,9.064516129032258
Oita,1980,3.5586206896551724,7.9
Oita,1981,4.575,8.529032258064515
Oita,1982,5.321428571428571,9.616129032258064
Oita,1983,5.0928571428571425,8.98709677419355
Oita,1984,2.4413793103448276,6.377419354838709
Oita,1985,6.0321428571428575,9.45483870967742
Oita,1986,3.7,8.154838709677419
Oita,1987,6.582142857142856,8.990322580645161
Oita,1988,5.117241379310345,7.922580645161291
Oita,1989,7.664285714285714,9.05483870967742
Oita,1990,8.367857142857144,10.25483870967742
Oita,1991,5.442857142857143,10.003225806451614
Oita,1992,6.2379310344827585,9.761290322580646
Oita,1993,7.103571428571429,8.187096774193549
Oita,1994,6.0,7.735483870967743
Oita,1995,5.871428571428572,9.35483870967742
Oita,1996,5.068965517241379,8.903225806451612
Oita,1997,6.035714285714286,10.312903225806451
Oita,1998,8.267857142857142,9.63225806451613
Oita,1999,6.103571428571429,10.422580645161291
Oita,2000,4.782758620689655,8.916129032258064
Oita,2001,6.582142857142857,9.619354838709675
Oita,2002,6.764285714285714,10.983870967741936
Oita,2003,6.910714285714286,8.819354838709677
Oita,2004,7.541379310344827,9.338709677419354
Oita,2005,5.603571428571429,8.535483870967743
Oita,2006,6.735714285714286,8.574193548387097
Oita,2007,8.489285714285714,9.69032258064516
Oita,2008,5.241379310344827,9.99032258064516
Oita,2009,8.971428571428572,10.351612903225806
Oita,2010,8.417857142857143,10.003225806451614
Oita,2011,7.196428571428571,8.061290322580644
Oita,2012,5.120689655172414,9.574193548387097
Oita,2013,6.707142857142857,10.95483870967742
Oita,2014,6.267857142857143,10.148387096774194
Oita,2015,6.192857142857143,9.383870967741936
Oita,2016,6.6000000000000005,10.148387096774194
Oita,2017,6.889285714285714,8.851612903225806
Oita,2018,5.289285714285714,10.483870967741936
Oita,2019,8.421428571428573,10.435483870967742
Oita,2020,8.293103448275861,10.858064516129032
Oita,2021,8.821428571428571,11.974193548387095
Oita,2022,5.621428571428572,11.36451612903226
Oita,2023,7.839285714285714,11.59032258064516
Oita,2024,9.320689655172414,10.293548387096775
Nara,1953,3.210714285714286,7.703225806451612
Nara,1954,4.307142857142857,6.651612903225806
Nara,1955,4.325,7.661290322580645
Nara,1956,2.220689655172414,7.290322580645161
Nara,1957,2.8285714285714287,4.632258064516129
Nara,1958,4.728571428571429,7.083870967741936
Nara,1959,6.682142857142857,8.22258064516129
Nara,1960,4.617241379310345,7.987096774193549
Nara,1961,2.4071428571428575,7.070967741935483
Nara,1962,3.917857142857143,6.470967741935484
Nara,1963,1.7142857142857142,6.296774193548386
Nara,1964,2.451724137931034,5.793548387096774
Nara,1965,3.064285714285714,4.800000000000001
Nara,1966,5.246428571428572,8.212903225806452
Nara,1967,3.167857142857143,6.951612903225806
Nara,1968,-0.0655172413793103,6.883870967741935
Nara,1969,4.039285714285714,5.819354838709677
Nara,1970,4.089285714285714,3.854838709677419
Nara,1971,3.6464285714285714,5.874193548387097
Nara,1972,4.310344827586207,7.15483870967742
Nara,1973,4.835714285714286,5.832258064516129
Nara,1974,3.0785714285714287,5.819354838709677
Nara,1975,2.564285714285714,6.403225806451613
Nara,1976,5.789655172413793,7.048387096774194
Nara,1977,1.9714285714285715,7.829032258064516
Nara,1978,1.8535714285714284,5.83225806451613
Nara,1979,6.110714285714286,6.880645161290323
Nara,1980,1.3482758620689657,5.732258064516128
Nara,1981,2.585714285714286,7.077419354838709
Nara,1982,2.685714285714286,7.493548387096775
Nara,1983,2.9250000000000003,6.825806451612903
Nara,1984,0.1448275862068966,3.916129032258065
Nara,1985,4.360714285714286,7.745161290322581
Nara,1986,1.7214285714285715,6.374193548387097
Nara,1987,4.142857142857143,6.761290322580645
Nara,1988,2.8241379310344827,6.361290322580645
Nara,1989,5.353571428571429,7.170967741935484
Nara,1990,6.2178571428571425,7.922580645161291
Nara,1991,2.9428571428571426,7.922580645161291
Nara,1992,3.7413793103448274,8.425806451612903
Nara,1993,4.953571428571428,6.029032258064516
Nara,1994,2.832142857142857,5.596774193548387
Nara,1995,3.6142857142857143,7.464516129032258
Nara,1996,2.910344827586207,6.803225806451613
Nara,1997,3.682142857142857,8.109677419354838
Nara,1998,5.6571428571428575,8.12258064516129
Nara,1999,3.442857142857143,8.435483870967742
Nara,2000,2.396551724137931,6.496774193548387
Nara,2001,4.071428571428571,7.358064516129032
Nara,2002,4.317857142857143,9.03225806451613
Nara,2003,4.264285714285714,6.145161290322581
Nara,2004,5.272413793103448,7.351612903225806
Nara,2005,3.628571428571429,6.741935483870968
Nara,2006,4.925,6.683870967741935
Nara,2007,6.310714285714285,7.706451612903226
Nara,2008,2.5827586206896553,8.570967741935483
Nara,2009,6.064285714285715,7.774193548387097
Nara,2010,5.878571428571428,7.874193548387097
Nara,2011,5.410714285714286,5.816129032258065
Nara,2012,2.8448275862068964,7.17741935483871
Nara,2013,3.692857142857143,8.719354838709679
Nara,2014,3.821428571428571,7.896774193548388
Nara,2015,4.1535714285714285,7.935483870967742
Nara,2016,4.772413793103448,8.03225806451613
Nara,2017,4.267857142857143,6.919354838709677
Nara,2018,3.317857142857143,9.567741935483872
Nara,2019,5.6000000000000005,8.529032258064515
Nara,2020,6.06551724137931,9.348387096774196
Nara,2021,6.235714285714286,10.251612903225809
Nara,2022,2.9214285714285713,9.283870967741937
Nara,2023,4.825,10.838709677419354
Nara,2024,6.486206896551724,7.435483870967742
Kobe,1953,4.639285714285714,9.029032258064516
Kobe,1954,6.007142857142857,7.925806451612903
Kobe,1955,5.785714285714286,8.76774193548387
Kobe,1956,3.772413793103449,8.425806451612903
Kobe,1957,4.178571428571429,6.151612903225806
Kobe,1958,6.232142857142857,8.364516129032259
Kobe,1959,8.096428571428572,9.441935483870967
Kobe,1960,6.496551724137931,9.158064516129032
Kobe,1961,3.867857142857143,8.390322580645162
Kobe,1962,5.489285714285714,8.129032258064516
Kobe,1963,3.15,7.622580645161291
Kobe,1964,3.786206896551724,7.32258064516129
Kobe,1965,4.6571428571428575,6.309677419354839
Kobe,1966,6.739285714285714,9.441935483870967
Kobe,1967,4.603571428571429,8.370967741935484
Kobe,1968,1.5379310344827586,8.296774193548387
Kobe,1969,5.442857142857143,7.109677419354839
Kobe,1970,5.7178571428571425,5.341935483870968
Kobe,1971,5.103571428571429,7.309677419354839
Kobe,1972,5.813793103448275,8.503225806451614
Kobe,1973,6.207142857142857,7.487096774193549
Kobe,1974,4.414285714285714,7.135483870967741
Kobe,1975,4.307142857142857,7.774193548387097
Kobe,1976,6.979310344827587,8.33548387096774
Kobe,1977,3.4785714285714286,9.141935483870968
Kobe,1978,3.539285714285714,7.364516129032259
Kobe,1979,7.403571428571429,8.212903225806452
Kobe,1980,3.151724137931035,7.119354838709677
Kobe,1981,4.014285714285714,8.47741935483871
Kobe,1982,4.410714285714286,8.780645161290321
Kobe,1983,4.4678571428571425,8.22258064516129
Kobe,1984,1.862068965517241,5.338709677419355
Kobe,1985,5.435714285714285,8.693548387096774
Kobe,1986,3.0214285714285714,7.503225806451613
Kobe,1987,5.639285714285714,8.048387096774194
Kobe,1988,4.0,7.480645161290322
Kobe,1989,6.564285714285715,8.561290322580644
Kobe,1990,7.3428571428571425,9.261290322580646
Kobe,1991,4.542857142857143,8.812903225806451
Kobe,1992,5.503448275862069,9.380645161290325
Kobe,1993,6.521428571428571,7.535483870967742
Kobe,1994,4.45,6.964516129032258
Kobe,1995,4.957142857142857,8.774193548387096
Kobe,1996,4.268965517241379,7.941935483870967
Kobe,1997,5.014285714285714,9.348387096774196
Kobe,1998,7.0,9.461290322580645
Kobe,1999,5.192857142857143,9.6
Kobe,2000,3.8758620689655174,7.906451612903226
Kobe,2001,5.485714285714286,8.567741935483872
Kobe,2002,5.760714285714286,10.212903225806452
Kobe,2003,5.503571428571428,7.451612903225806
Kobe,2004,6.637931034482759,8.86774193548387
Kobe,2005,4.935714285714285,8.2
Kobe,2006,6.082142857142857,7.935483870967742
Kobe,2007,7.6571428571428575,9.061290322580644
Kobe,2008,4.031034482758621,9.674193548387096
Kobe,2009,7.278571428571429,9.093548387096773
Kobe,2010,7.132142857142857,9.025806451612905
Kobe,2011,6.382142857142857,7.196774193548387
Kobe,2012,4.010344827586207,8.351612903225806
Kobe,2013,5.232142857142857,9.841935483870968
Kobe,2014,5.103571428571429,9.12258064516129
Kobe,2015,5.639285714285714,9.19032258064516
Kobe,2016,6.244827586206896,9.448387096774193
Kobe,2017,5.489285714285714,8.067741935483872
Kobe,2018,4.189285714285714,10.035483870967743
Kobe,2019,6.689285714285715,9.36774193548387
Kobe,2020,7.206896551724138,10.080645161290322
Kobe,2021,7.285714285714286,10.790322580645162
Kobe,2022,4.171428571428572,9.890322580645162
Kobe,2023,6.014285714285714,11.541935483870969
Kobe,2024,7.293103448275862,8.52258064516129
Shizuoka,1953,5.132142857142857,9.638709677419357
Shizuoka,1954,6.403571428571429,8.629032258064516
Shizuoka,1955,6.3999999999999995,9.25483870967742
Shizuoka,1956,4.162068965517242,9.038709677419355
Shizuoka,1957,4.928571428571429,6.780645161290322
Shizuoka,1958,6.464285714285714,8.883870967741935
Shizuoka,1959,8.403571428571428,9.293548387096775
Shizuoka,1960,7.255172413793104,9.796774193548387
Shizuoka,1961,4.646428571428571,8.52258064516129
Shizuoka,1962,5.853571428571429,8.241935483870968
Shizuoka,1963,3.9107142857142856,7.464516129032258
Shizuoka,1964,4.744827586206896,7.47741935483871
Shizuoka,1965,5.142857142857143,6.764516129032257
Shizuoka,1966,7.828571428571428,9.90967741935484
Shizuoka,1967,4.628571428571428,8.845161290322581
Shizuoka,1968,2.3000000000000003,8.806451612903226
Shizuoka,1969,6.710714285714286,7.877419354838709
Shizuoka,1970,6.128571428571428,5.445161290322581
Shizuoka,1971,5.8500000000000005,8.038709677419355
Shizuoka,1972,6.468965517241379,8.603225806451613
Shizuoka,1973,7.175,7.945161290322581
Shizuoka,1974,5.589285714285714,7.435483870967742
Shizuoka,1975,4.664285714285714,7.825806451612903
Shizuoka,1976,7.410344827586207,9.174193548387096
Shizuoka,1977,4.464285714285714,9.32258064516129
Shizuoka,1978,3.9,7.658064516129032
Shizuoka,1979,7.996428571428572,8.72258064516129
Shizuoka,1980,3.655172413793104,8.087096774193547
Shizuoka,1981,4.835714285714286,8.429032258064517
Shizuoka,1982,5.114285714285714,8.961290322580645
Shizuoka,1983,4.8,8.24516129032258
Shizuoka,1984,2.86551724137931,5.406451612903226
Shizuoka,1985,5.875,9.3
Shizuoka,1986,3.8428571428571425,7.67741935483871
Shizuoka,1987,6.046428571428572,8.609677419354838
Shizuoka,1988,5.003448275862069,8.351612903225806
Shizuoka,1989,7.3428571428571425,9.080645161290322
Shizuoka,1990,8.05,9.441935483870967
Shizuoka,1991,4.8500000000000005,9.570967741935483
Shizuoka,1992,5.862068965517241,9.958064516129031
Shizuoka,1993,7.146428571428571,8.003225806451614
Shizuoka,1994,4.671428571428572,7.458064516129032
Shizuoka,1995,5.646428571428571,8.212903225806452
Shizuoka,1996,3.993103448275862,8.07741935483871
Shizuoka,1997,5.817857142857143,9.638709677419357
Shizuoka,1998,7.0,9.348387096774196
Shizuoka,1999,5.682142857142857,9.874193548387098
Shizuoka,2000,4.862068965517241,7.916129032258064
Shizuoka,2001,6.053571428571429,8.796774193548387
Shizuoka,2002,6.3,10.429032258064517
Shizuoka,2003,6.307142857142857,7.838709677419355
Shizuoka,2004,6.896551724137931,9.087096774193547
Shizuoka,2005,6.267857142857143,8.538709677419355
Shizuoka,2006,7.103571428571429,8.751612903225807
Shizuoka,2007,8.142857142857142,9.493548387096777
Shizuoka,2008,5.251724137931035,9.883870967741936
Shizuoka,2009,8.382142857142856,9.312903225806451
Shizuoka,2010,7.410714285714286,9.596774193548388
Shizuoka,2011,7.417857142857143,7.509677419354839
Shizuoka,2012,5.758620689655173,9.02258064516129
Shizuoka,2013,5.985714285714286,10.919354838709678
Shizuoka,2014,6.096428571428571,9.083870967741936
Shizuoka,2015,6.303571428571429,9.561290322580644
Shizuoka,2016,7.317241379310344,9.983870967741936
Shizuoka,2017,6.271428571428571,7.970967741935484
Shizuoka,2018,5.203571428571428,10.919354838709678
Shizuoka,2019,8.078571428571427,10.074193548387097
Shizuoka,2020,7.837931034482759,10.435483870967742
Shizuoka,2021,8.175,11.996774193548386
Shizuoka,2022,5.260714285714286,10.964516129032257
Shizuoka,2023,7.475,12.048387096774194
Shizuoka,2024,8.558620689655172,9.264516129032256
Kochi,1953,5.232142857142857,9.34516129032258
Kochi,1954,6.121428571428572,8.44516129032258
Kochi,1955,5.978571428571429,10.196774193548388
Kochi,1956,4.1000000000000005,9.061290322580644
Kochi,1957,4.735714285714286,7.170967741935484
Kochi,1958,6.8500000000000005,8.912903225806453
Kochi,1959,9.267857142857142,9.819354838709677
Kochi,1960,6.824137931034483,9.938709677419356
Kochi,1961,4.310714285714286,9.54516129032258
Kochi,1962,6.0321428571428575,8.629032258064516
Kochi,1963,2.685714285714286,8.019354838709678
Kochi,1964,4.248275862068966,8.103225806451613
Kochi,1965,5.346428571428571,6.990322580645161
Kochi,1966,7.460714285714286,10.332258064516129
Kochi,1967,5.096428571428571,9.370967741935484
Kochi,1968,1.7172413793103447,8.77741935483871
Kochi,1969,6.446428571428571,7.877419354838709
Kochi,1970,6.0,5.961290322580646
Kochi,1971,5.332142857142857,7.82258064516129
Kochi,1972,6.306896551724138,9.138709677419357
Kochi,1973,7.1571428571428575,8.438709677419356
Kochi,1974,5.082142857142857,7.72258064516129
Kochi,1975,5.153571428571429,8.748387096774193
Kochi,1976,7.8310344827586205,9.13548387096774
Kochi,1977,2.835714285714286,9.416129032258064
Kochi,1978,3.9214285714285713,7.912903225806452
Kochi,1979,7.832142857142857,8.938709677419356
Kochi,1980,3.555172413793103,8.096774193548388
Kochi,1981,4.685714285714285,8.680645161290323
Kochi,1982,4.928571428571429,9.625806451612902
Kochi,1983,4.928571428571429,8.85483870967742
Kochi,1984,2.2517241379310344,5.870967741935484
Kochi,1985,5.878571428571428,9.993548387096777
Kochi,1986,3.3285714285714287,8.074193548387097
Kochi,1987,6.264285714285714,8.748387096774193
Kochi,1988,5.144827586206896,8.535483870967743
Kochi,1989,7.95,9.287096774193548
Kochi,1990,8.278571428571428,9.829032258064515
Kochi,1991,4.882142857142857,10.5
Kochi,1992,5.73448275862069,10.416129032258064
Kochi,1993,6.464285714285714,7.848387096774193
Kochi,1994,5.214285714285714,7.854838709677419
Kochi,1995,5.428571428571429,9.02258064516129
Kochi,1996,4.393103448275863,8.558064516129033
Kochi,1997,5.332142857142857,10.251612903225809
Kochi,1998,7.928571428571429,9.806451612903226
Kochi,1999,5.55,10.474193548387095
Kochi,2000,4.80344827586207,8.848387096774195
Kochi,2001,6.964285714285714,9.641935483870968
Kochi,2002,6.803571428571429,11.109677419354838
Kochi,2003,7.089285714285714,8.932258064516128
Kochi,2004,7.555172413793104,9.880645161290325
Kochi,2005,6.185714285714285,8.59032258064516
Kochi,2006,7.585714285714286,8.899999999999999
Kochi,2007,8.660714285714286,9.870967741935484
Kochi,2008,5.306896551724138,10.093548387096773
Kochi,2009,9.210714285714284,10.24516129032258
Kochi,2010,8.389285714285714,10.12258064516129
Kochi,2011,7.132142857142857,8.006451612903225
Kochi,2012,5.775862068965517,9.748387096774191
Kochi,2013,6.821428571428571,11.15483870967742
Kochi,2014,6.2178571428571425,10.261290322580646
Kochi,2015,6.260714285714286,9.919354838709678
Kochi,2016,7.027586206896552,10.46774193548387
Kochi,2017,6.325,8.80967741935484
Kochi,2018,4.214285714285714,10.970967741935484
Kochi,2019,7.9678571428571425,10.016129032258064
Kochi,2020,7.793103448275862,10.98709677419355
Kochi,2021,8.060714285714285,12.612903225806452
Kochi,2022,5.007142857142857,11.290322580645162
Kochi,2023,7.125,12.19032258064516
Kochi,2024,9.327586206896552,9.964516129032257
Nagano,1953,-2.3642857142857143,2.261290322580645
Nagano,1954,-1.4464285714285714,1.0193548387096774
Nagano,1955,-1.582142857142857,1.7000000000000002
Nagano,1956,-3.4000000000000004,1.1612903225806452
Nagano,1957,-2.257142857142857,-0.6483870967741936
Nagano,1958,-1.2249999999999999,1.4903225806451612
Nagano,1959,0.6642857142857144,2.648387096774193
Nagano,1960,-0.6827586206896552,1.903225806451613
Nagano,1961,-3.435714285714286,1.4161290322580644
Nagano,1962,-2.157142857142857,1.2096774193548387
Nagano,1963,-3.6535714285714285,0.7709677419354838
Nagano,1964,-2.920689655172414,0.5129032258064515
Nagano,1965,-2.607142857142857,-0.7612903225806452
Nagano,1966,-0.575,2.2161290322580647
Nagano,1967,-2.557142857142857,1.3935483870967742
Nagano,1968,-4.168965517241379,1.5806451612903225
Nagano,1969,-1.842857142857143,0.24193548387096775
Nagano,1970,-1.7607142857142857,-2.2774193548387096
Nagano,1971,-2.117857142857143,-0.0838709677419355
Nagano,1972,-1.6275862068965519,1.6258064516129032
Nagano,1973,-0.8214285714285714,-0.20967741935483872
Nagano,1974,-2.492857142857143,0.20322580645161287
Nagano,1975,-2.8035714285714284,1.064516129032258
Nagano,1976,-0.5310344827586208,1.5161290322580645
Nagano,1977,-3.189285714285714,2.161290322580645
Nagano,1978,-3.4499999999999997,0.7000000000000001
Nagano,1979,1.0571428571428572,1.9225806451612903
Nagano,1980,-3.4172413793103447,0.4387096774193549
Nagano,1981,-2.1964285714285716,1.4258064516129034
Nagano,1982,-2.6964285714285716,1.9483870967741934
Nagano,1983,-2.8035714285714284,1.1064516129032258
Nagano,1984,-4.710344827586207,-1.7322580645161292
Nagano,1985,-1.2214285714285715,1.5451612903225806
Nagano,1986,-4.089285714285714,0.7096774193548387
Nagano,1987,-1.3285714285714287,1.5935483870967744
Nagano,1988,-3.5172413793103448,1.3096774193548388
Nagano,1989,0.03214285714285718,2.0064516129032257
Nagano,1990,0.9321428571428572,2.4838709677419355
Nagano,1991,-2.792857142857143,1.6838709677419357
Nagano,1992,-1.7310344827586208,2.1193548387096777
Nagano,1993,-0.9285714285714286,0.7935483870967741
Nagano,1994,-2.4535714285714287,-0.03548387096774191
Nagano,1995,-2.032142857142857,1.4064516129032258
Nagano,1996,-2.606896551724138,0.8838709677419354
Nagano,1997,-2.1535714285714285,2.351612903225807
Nagano,1998,-0.8,1.8741935483870968
Nagano,1999,-2.0,2.232258064516129
Nagano,2000,-2.810344827586207,0.8612903225806453
Nagano,2001,-1.4285714285714286,1.525806451612903
Nagano,2002,-0.35714285714285715,3.303225806451613
Nagano,2003,-1.0892857142857142,0.8483870967741935
Nagano,2004,0.06551724137931036,2.390322580645161
Nagano,2005,-1.4035714285714285,1.6612903225806452
Nagano,2006,0.06785714285714282,1.9870967741935484
Nagano,2007,1.082142857142857,2.764516129032258
Nagano,2008,-2.424137931034483,3.5258064516129033
Nagano,2009,0.5107142857142858,2.606451612903226
Nagano,2010,0.14999999999999994,2.203225806451613
Nagano,2011,-0.22500000000000003,0.5645161290322581
Nagano,2012,-2.4551724137931035,2.0483870967741935
Nagano,2013,-2.085714285714286,3.3129032258064517
Nagano,2014,-2.282142857142857,2.1225806451612903
Nagano,2015,-1.0142857142857142,3.325806451612903
Nagano,2016,-0.4655172413793104,3.5032258064516126
Nagano,2017,-1.3357142857142856,2.338709677419355
Nagano,2018,-2.05,4.961290322580646
Nagano,2019,0.4642857142857143,3.97741935483871
Nagano,2020,1.6413793103448275,4.870967741935484
Nagano,2021,1.175,5.867741935483871
Nagano,2022,-2.25,4.354838709677419
Nagano,2023,0.4071428571428571,6.632258064516129
Nagano,2024,1.6482758620689655,2.6451612903225805
