Date,Temp,Year,Month,Source,Prec_No,Block_No
2020-02-01,5.8,2020,2,JMA daily observed,61,47759
2020-02-02,6.3,2020,2,JMA daily observed,61,47759
2020-02-03,7.5,2020,2,JMA daily observed,61,47759
2020-02-04,6.5,2020,2,JMA daily observed,61,47759
2020-02-05,4.5,2020,2,JMA daily observed,61,47759
2020-02-06,2.0,2020,2,JMA daily observed,61,47759
2020-02-07,3.2,2020,2,JMA daily observed,61,47759
2020-02-08,5.2,2020,2,JMA daily observed,61,47759
2020-02-09,2.5,2020,2,JMA daily observed,61,47759
2020-02-10,3.0,2020,2,JMA daily observed,61,47759
2020-02-11,5.2,2020,2,JMA daily observed,61,47759
2020-02-12,8.1,2020,2,JMA daily observed,61,47759
2020-02-13,13.1,2020,2,JMA daily observed,61,47759
2020-02-14,10.8,2020,2,JMA daily observed,61,47759
2020-02-15,9.9,2020,2,JMA daily observed,61,47759
2020-02-16,11.7,2020,2,JMA daily observed,61,47759
2020-02-17,7.3,2020,2,JMA daily observed,61,47759
2020-02-18,3.8,2020,2,JMA daily observed,61,47759
2020-02-19,7.1,2020,2,JMA daily observed,61,47759
2020-02-20,7.6,2020,2,JMA daily observed,61,47759
2020-02-21,8.8,2020,2,JMA daily observed,61,47759
2020-02-22,7.9,2020,2,JMA daily observed,61,47759
2020-02-23,7.0,2020,2,JMA daily observed,61,47759
2020-02-24,7.8,2020,2,JMA daily observed,61,47759
2020-02-25,8.3,2020,2,JMA daily observed,61,47759
2020-02-26,9.7,2020,2,JMA daily observed,61,47759
2020-02-27,5.5,2020,2,JMA daily observed,61,47759
2020-02-28,6.0,2020,2,JMA daily observed,61,47759
2020-02-29,7.1,2020,2,JMA daily observed,61,47759
2020-03-01,9.9,2020,3,JMA daily observed,61,47759
2020-03-02,11.4,2020,3,JMA daily observed,61,47759
2020-03-03,9.4,2020,3,JMA daily observed,61,47759
2020-03-04,8.5,2020,3,JMA daily observed,61,47759
2020-03-05,6.2,2020,3,JMA daily observed,61,47759
2020-03-06,7.1,2020,3,JMA daily observed,61,47759
2020-03-07,8.8,2020,3,JMA daily observed,61,47759
2020-03-08,10.5,2020,3,JMA daily observed,61,47759
2020-03-09,12.5,2020,3,JMA daily observed,61,47759
2020-03-10,15.0,2020,3,JMA daily observed,61,47759
2020-03-11,11.1,2020,3,JMA daily observed,61,47759
2020-03-12,9.8,2020,3,JMA daily observed,61,47759
2020-03-13,10.8,2020,3,JMA daily observed,61,47759
2020-03-14,8.4,2020,3,JMA daily observed,61,47759
2020-03-15,7.1,2020,3,JMA daily observed,61,47759
2020-03-16,4.8,2020,3,JMA daily observed,61,47759
2020-03-17,7.2,2020,3,JMA daily observed,61,47759
2020-03-18,12.1,2020,3,JMA daily observed,61,47759
2020-03-19,15.3,2020,3,JMA daily observed,61,47759
2020-03-20,12.1,2020,3,JMA daily observed,61,47759
2020-03-21,12.8,2020,3,JMA daily observed,61,47759
2020-03-22,13.9,2020,3,JMA daily observed,61,47759
2020-03-23,11.6,2020,3,JMA daily observed,61,47759
2020-03-24,8.4,2020,3,JMA daily observed,61,47759
2020-03-25,9.9,2020,3,JMA daily observed,61,47759
2020-03-26,14.1,2020,3,JMA daily observed,61,47759
2020-03-27,15.2,2020,3,JMA daily observed,61,47759
2020-03-28,12.3,2020,3,JMA daily observed,61,47759
2020-03-29,8.5,2020,3,JMA daily observed,61,47759
2020-03-30,10.2,2020,3,JMA daily observed,61,47759
2020-03-31,14.1,2020,3,JMA daily observed,61,47759
