Site Name,Date,Temp,Year,Month,Source,Prec_No,Block_No
Wakkanai,2020-02-01,-5.5,2020,2,JMA daily observed,11,47401
Wakkanai,2020-02-02,-4.1,2020,2,JMA daily observed,11,47401
Wakkanai,2020-02-03,-4.5,2020,2,JMA daily observed,11,47401
Wakkanai,2020-02-04,-7.1,2020,2,JMA daily observed,11,47401
Wakkanai,2020-02-05,-8.2,2020,2,JMA daily observed,11,47401
Wakkanai,2020-02-06,-8.7,2020,2,JMA daily observed,11,47401
Wakkanai,2020-02-07,-7.6,2020,2,JMA daily observed,11,47401
Wakkanai,2020-02-08,-10.2,2020,2,JMA daily observed,11,47401
Wakkanai,2020-02-09,-9.0,2020,2,JMA daily observed,11,47401
Wakkanai,2020-02-10,-4.6,2020,2,JMA daily observed,11,47401
Wakkanai,2020-02-11,-2.2,2020,2,JMA daily observed,11,47401
Wakkanai,2020-02-12,3.3,2020,2,JMA daily observed,11,47401
Wakkanai,2020-02-13,2.3,2020,2,JMA daily observed,11,47401
Wakkanai,2020-02-14,-2.4,2020,2,JMA daily observed,11,47401
Wakkanai,2020-02-15,-4.9,2020,2,JMA daily observed,11,47401
Wakkanai,2020-02-16,-6.8,2020,2,JMA daily observed,11,47401
Wakkanai,2020-02-17,-4.1,2020,2,JMA daily observed,11,47401
Wakkanai,2020-02-18,-3.9,2020,2,JMA daily observed,11,47401
Wakkanai,2020-02-19,-3.2,2020,2,JMA daily observed,11,47401
Wakkanai,2020-02-20,-2.5,2020,2,JMA daily observed,11,47401
Wakkanai,2020-02-21,-4.3,2020,2,JMA daily observed,11,47401
Wakkanai,2020-02-22,-2.0,2020,2,JMA daily observed,11,47401
Wakkanai,2020-02-23,-0.1,2020,2,JMA daily observed,11,47401
Wakkanai,2020-02-24,-2.4,2020,2,JMA daily observed,11,47401
Wakkanai,2020-02-25,-2.5,2020,2,JMA daily observed,11,47401
Wakkanai,2020-02-26,-3.9,2020,2,JMA daily observed,11,47401
Wakkanai,2020-02-27,-4.0,2020,2,JMA daily observed,11,47401
Wakkanai,2020-02-28,-4.6,2020,2,JMA daily observed,11,47401
Wakkanai,2020-02-29,-3.4,2020,2,JMA daily observed,11,47401
Wakkanai,2020-03-01,-5.4,2020,3,JMA daily observed,11,47401
Wakkanai,2020-03-02,-5.4,2020,3,JMA daily observed,11,47401
Wakkanai,2020-03-03,-4.2,2020,3,JMA daily observed,11,47401
Wakkanai,2020-03-04,-3.8,2020,3,JMA daily observed,11,47401
Wakkanai,2020-03-05,-1.7,2020,3,JMA daily observed,11,47401
Wakkanai,2020-03-06,-0.7,2020,3,JMA daily observed,11,47401
Wakkanai,2020-03-07,-1.0,2020,3,JMA daily observed,11,47401
Wakkanai,2020-03-08,2.1,2020,3,JMA daily observed,11,47401
Wakkanai,2020-03-09,4.3,2020,3,JMA daily observed,11,47401
Wakkanai,2020-03-10,1.3,2020,3,JMA daily observed,11,47401
Wakkanai,2020-03-11,-0.3,2020,3,JMA daily observed,11,47401
Wakkanai,2020-03-12,1.4,2020,3,JMA daily observed,11,47401
Wakkanai,2020-03-13,-0.5,2020,3,JMA daily observed,11,47401
Wakkanai,2020-03-14,-0.7,2020,3,JMA daily observed,11,47401
Wakkanai,2020-03-15,-1.3,2020,3,JMA daily observed,11,47401
Wakkanai,2020-03-16,-2.0,2020,3,JMA daily observed,11,47401
Wakkanai,2020-03-17,0.9,2020,3,JMA daily observed,11,47401
Wakkanai,2020-03-18,3.3,2020,3,JMA daily observed,11,47401
Wakkanai,2020-03-19,6.8,2020,3,JMA daily observed,11,47401
Wakkanai,2020-03-20,4.3,2020,3,JMA daily observed,11,47401
Wakkanai,2020-03-21,2.5,2020,3,JMA daily observed,11,47401
Wakkanai,2020-03-22,3.9,2020,3,JMA daily observed,11,47401
Wakkanai,2020-03-23,1.4,2020,3,JMA daily observed,11,47401
Wakkanai,2020-03-24,1.0,2020,3,JMA daily observed,11,47401
Wakkanai,2020-03-25,3.3,2020,3,JMA daily observed,11,47401
Wakkanai,2020-03-26,2.3,2020,3,JMA daily observed,11,47401
Wakkanai,2020-03-27,6.0,2020,3,JMA daily observed,11,47401
Wakkanai,2020-03-28,1.8,2020,3,JMA daily observed,11,47401
Wakkanai,2020-03-29,3.7,2020,3,JMA daily observed,11,47401
Wakkanai,2020-03-30,5.6,2020,3,JMA daily observed,11,47401
Wakkanai,2020-03-31,6.2,2020,3,JMA daily observed,11,47401
Asahikawa,2020-02-01,-5.6,2020,2,JMA daily observed,12,47407
Asahikawa,2020-02-02,-6.8,2020,2,JMA daily observed,12,47407
Asahikawa,2020-02-03,-5.8,2020,2,JMA daily observed,12,47407
Asahikawa,2020-02-04,-6.9,2020,2,JMA daily observed,12,47407
Asahikawa,2020-02-05,-11.0,2020,2,JMA daily observed,12,47407
Asahikawa,2020-02-06,-14.5,2020,2,JMA daily observed,12,47407
Asahikawa,2020-02-07,-7.5,2020,2,JMA daily observed,12,47407
Asahikawa,2020-02-08,-11.2,2020,2,JMA daily observed,12,47407
Asahikawa,2020-02-09,-17.8,2020,2,JMA daily observed,12,47407
Asahikawa,2020-02-10,-12.0,2020,2,JMA daily observed,12,47407
Asahikawa,2020-02-11,-7.7,2020,2,JMA daily observed,12,47407
Asahikawa,2020-02-12,0.3,2020,2,JMA daily observed,12,47407
Asahikawa,2020-02-13,3.1,2020,2,JMA daily observed,12,47407
Asahikawa,2020-02-14,0.7,2020,2,JMA daily observed,12,47407
Asahikawa,2020-02-15,-3.6,2020,2,JMA daily observed,12,47407
Asahikawa,2020-02-16,-6.5,2020,2,JMA daily observed,12,47407
Asahikawa,2020-02-17,-4.4,2020,2,JMA daily observed,12,47407
Asahikawa,2020-02-18,-4.2,2020,2,JMA daily observed,12,47407
Asahikawa,2020-02-19,-3.8,2020,2,JMA daily observed,12,47407
Asahikawa,2020-02-20,-2.7,2020,2,JMA daily observed,12,47407
Asahikawa,2020-02-21,-3.6,2020,2,JMA daily observed,12,47407
Asahikawa,2020-02-22,-1.5,2020,2,JMA daily observed,12,47407
Asahikawa,2020-02-23,0.5,2020,2,JMA daily observed,12,47407
Asahikawa,2020-02-24,-1.1,2020,2,JMA daily observed,12,47407
Asahikawa,2020-02-25,-3.6,2020,2,JMA daily observed,12,47407
Asahikawa,2020-02-26,-6.4,2020,2,JMA daily observed,12,47407
Asahikawa,2020-02-27,-8.3,2020,2,JMA daily observed,12,47407
Asahikawa,2020-02-28,-7.7,2020,2,JMA daily observed,12,47407
Asahikawa,2020-02-29,-9.7,2020,2,JMA daily observed,12,47407
Asahikawa,2020-03-01,-5.9,2020,3,JMA daily observed,12,47407
Asahikawa,2020-03-02,-3.4,2020,3,JMA daily observed,12,47407
Asahikawa,2020-03-03,-3.7,2020,3,JMA daily observed,12,47407
Asahikawa,2020-03-04,-2.2,2020,3,JMA daily observed,12,47407
Asahikawa,2020-03-05,-1.2,2020,3,JMA daily observed,12,47407
Asahikawa,2020-03-06,-1.1,2020,3,JMA daily observed,12,47407
Asahikawa,2020-03-07,-3.3,2020,3,JMA daily observed,12,47407
Asahikawa,2020-03-08,-1.1,2020,3,JMA daily observed,12,47407
Asahikawa,2020-03-09,3.0,2020,3,JMA daily observed,12,47407
Asahikawa,2020-03-10,1.7,2020,3,JMA daily observed,12,47407
Asahikawa,2020-03-11,1.4,2020,3,JMA daily observed,12,47407
Asahikawa,2020-03-12,1.2,2020,3,JMA daily observed,12,47407
Asahikawa,2020-03-13,-0.5,2020,3,JMA daily observed,12,47407
Asahikawa,2020-03-14,-1.5,2020,3,JMA daily observed,12,47407
Asahikawa,2020-03-15,-2.5,2020,3,JMA daily observed,12,47407
Asahikawa,2020-03-16,-3.2,2020,3,JMA daily observed,12,47407
Asahikawa,2020-03-17,-0.9,2020,3,JMA daily observed,12,47407
Asahikawa,2020-03-18,2.2,2020,3,JMA daily observed,12,47407
Asahikawa,2020-03-19,6.0,2020,3,JMA daily observed,12,47407
Asahikawa,2020-03-20,4.3,2020,3,JMA daily observed,12,47407
Asahikawa,2020-03-21,3.6,2020,3,JMA daily observed,12,47407
Asahikawa,2020-03-22,3.8,2020,3,JMA daily observed,12,47407
Asahikawa,2020-03-23,0.8,2020,3,JMA daily observed,12,47407
Asahikawa,2020-03-24,-1.1,2020,3,JMA daily observed,12,47407
Asahikawa,2020-03-25,0.8,2020,3,JMA daily observed,12,47407
Asahikawa,2020-03-26,3.6,2020,3,JMA daily observed,12,47407
Asahikawa,2020-03-27,5.5,2020,3,JMA daily observed,12,47407
Asahikawa,2020-03-28,2.2,2020,3,JMA daily observed,12,47407
Asahikawa,2020-03-29,2.0,2020,3,JMA daily observed,12,47407
Asahikawa,2020-03-30,3.0,2020,3,JMA daily observed,12,47407
Asahikawa,2020-03-31,6.0,2020,3,JMA daily observed,12,47407
Iwamizawa,2020-02-01,-4.2,2020,2,JMA daily observed,15,47413
Iwamizawa,2020-02-02,-4.3,2020,2,JMA daily observed,15,47413
Iwamizawa,2020-02-03,-4.8,2020,2,JMA daily observed,15,47413
Iwamizawa,2020-02-04,-6.3,2020,2,JMA daily observed,15,47413
Iwamizawa,2020-02-05,-9.1,2020,2,JMA daily observed,15,47413
Iwamizawa,2020-02-06,-9.9,2020,2,JMA daily observed,15,47413
Iwamizawa,2020-02-07,-5.7,2020,2,JMA daily observed,15,47413
Iwamizawa,2020-02-08,-9.6,2020,2,JMA daily observed,15,47413
Iwamizawa,2020-02-09,-13.4,2020,2,JMA daily observed,15,47413
Iwamizawa,2020-02-10,-9.9,2020,2,JMA daily observed,15,47413
Iwamizawa,2020-02-11,-5.5,2020,2,JMA daily observed,15,47413
Iwamizawa,2020-02-12,1.2,2020,2,JMA daily observed,15,47413
Iwamizawa,2020-02-13,2.6,2020,2,JMA daily observed,15,47413
Iwamizawa,2020-02-14,1.8,2020,2,JMA daily observed,15,47413
Iwamizawa,2020-02-15,-2.1,2020,2,JMA daily observed,15,47413
Iwamizawa,2020-02-16,-5.4,2020,2,JMA daily observed,15,47413
Iwamizawa,2020-02-17,-1.1,2020,2,JMA daily observed,15,47413
Iwamizawa,2020-02-18,-1.8,2020,2,JMA daily observed,15,47413
Iwamizawa,2020-02-19,-2.5,2020,2,JMA daily observed,15,47413
Iwamizawa,2020-02-20,-2.1,2020,2,JMA daily observed,15,47413
Iwamizawa,2020-02-21,-2.5,2020,2,JMA daily observed,15,47413
Iwamizawa,2020-02-22,1.6,2020,2,JMA daily observed,15,47413
Iwamizawa,2020-02-23,0.6,2020,2,JMA daily observed,15,47413
Iwamizawa,2020-02-24,-0.3,2020,2,JMA daily observed,15,47413
Iwamizawa,2020-02-25,-2.3,2020,2,JMA daily observed,15,47413
Iwamizawa,2020-02-26,-4.2,2020,2,JMA daily observed,15,47413
Iwamizawa,2020-02-27,-5.2,2020,2,JMA daily observed,15,47413
Iwamizawa,2020-02-28,-5.1,2020,2,JMA daily observed,15,47413
Iwamizawa,2020-02-29,-6.4,2020,2,JMA daily observed,15,47413
Iwamizawa,2020-03-01,-3.2,2020,3,JMA daily observed,15,47413
Iwamizawa,2020-03-02,-1.0,2020,3,JMA daily observed,15,47413
Iwamizawa,2020-03-04,-0.5,2020,3,JMA daily observed,15,47413
Iwamizawa,2020-03-05,-0.3,2020,3,JMA daily observed,15,47413
Iwamizawa,2020-03-06,-0.1,2020,3,JMA daily observed,15,47413
Iwamizawa,2020-03-07,-0.9,2020,3,JMA daily observed,15,47413
Iwamizawa,2020-03-08,2.9,2020,3,JMA daily observed,15,47413
Iwamizawa,2020-03-09,4.7,2020,3,JMA daily observed,15,47413
Iwamizawa,2020-03-10,3.2,2020,3,JMA daily observed,15,47413
Iwamizawa,2020-03-11,2.0,2020,3,JMA daily observed,15,47413
Iwamizawa,2020-03-12,2.4,2020,3,JMA daily observed,15,47413
Iwamizawa,2020-03-13,0.1,2020,3,JMA daily observed,15,47413
Iwamizawa,2020-03-14,-0.9,2020,3,JMA daily observed,15,47413
Iwamizawa,2020-03-15,-1.1,2020,3,JMA daily observed,15,47413
Iwamizawa,2020-03-16,-1.6,2020,3,JMA daily observed,15,47413
Iwamizawa,2020-03-17,1.2,2020,3,JMA daily observed,15,47413
Iwamizawa,2020-03-18,3.8,2020,3,JMA daily observed,15,47413
Iwamizawa,2020-03-19,6.1,2020,3,JMA daily observed,15,47413
Iwamizawa,2020-03-20,4.7,2020,3,JMA daily observed,15,47413
Iwamizawa,2020-03-21,5.3,2020,3,JMA daily observed,15,47413
Iwamizawa,2020-03-22,4.7,2020,3,JMA daily observed,15,47413
Iwamizawa,2020-03-23,0.5,2020,3,JMA daily observed,15,47413
Iwamizawa,2020-03-24,0.0,2020,3,JMA daily observed,15,47413
Iwamizawa,2020-03-25,1.9,2020,3,JMA daily observed,15,47413
Iwamizawa,2020-03-26,4.5,2020,3,JMA daily observed,15,47413
Iwamizawa,2020-03-27,6.8,2020,3,JMA daily observed,15,47413
Iwamizawa,2020-03-28,3.5,2020,3,JMA daily observed,15,47413
Iwamizawa,2020-03-29,2.7,2020,3,JMA daily observed,15,47413
Iwamizawa,2020-03-30,3.7,2020,3,JMA daily observed,15,47413
Iwamizawa,2020-03-31,5.8,2020,3,JMA daily observed,15,47413
Urakawa,2020-02-01,0.6,2020,2,JMA daily observed,22,47426
Urakawa,2020-02-02,-0.7,2020,2,JMA daily observed,22,47426
Urakawa,2020-02-03,-1.7,2020,2,JMA daily observed,22,47426
Urakawa,2020-02-04,-4.0,2020,2,JMA daily observed,22,47426
Urakawa,2020-02-05,-5.9,2020,2,JMA daily observed,22,47426
Urakawa,2020-02-06,-6.8,2020,2,JMA daily observed,22,47426
Urakawa,2020-02-07,-4.1,2020,2,JMA daily observed,22,47426
Urakawa,2020-02-08,-4.9,2020,2,JMA daily observed,22,47426
Urakawa,2020-02-09,-8.3,2020,2,JMA daily observed,22,47426
Urakawa,2020-02-10,-5.2,2020,2,JMA daily observed,22,47426
Urakawa,2020-02-11,-1.8,2020,2,JMA daily observed,22,47426
Urakawa,2020-02-12,1.8,2020,2,JMA daily observed,22,47426
Urakawa,2020-02-13,4.4,2020,2,JMA daily observed,22,47426
Urakawa,2020-02-14,3.0,2020,2,JMA daily observed,22,47426
Urakawa,2020-02-15,0.4,2020,2,JMA daily observed,22,47426
Urakawa,2020-02-16,-2.3,2020,2,JMA daily observed,22,47426
Urakawa,2020-02-17,0.8,2020,2,JMA daily observed,22,47426
Urakawa,2020-02-18,0.8,2020,2,JMA daily observed,22,47426
Urakawa,2020-02-19,-0.5,2020,2,JMA daily observed,22,47426
Urakawa,2020-02-20,-0.8,2020,2,JMA daily observed,22,47426
Urakawa,2020-02-21,-0.9,2020,2,JMA daily observed,22,47426
Urakawa,2020-02-22,2.2,2020,2,JMA daily observed,22,47426
Urakawa,2020-02-23,1.8,2020,2,JMA daily observed,22,47426
Urakawa,2020-02-24,0.5,2020,2,JMA daily observed,22,47426
Urakawa,2020-02-25,-0.5,2020,2,JMA daily observed,22,47426
Urakawa,2020-02-26,-1.4,2020,2,JMA daily observed,22,47426
Urakawa,2020-02-27,-2.9,2020,2,JMA daily observed,22,47426
Urakawa,2020-02-28,-2.5,2020,2,JMA daily observed,22,47426
Urakawa,2020-02-29,-2.1,2020,2,JMA daily observed,22,47426
Urakawa,2020-03-01,0.8,2020,3,JMA daily observed,22,47426
Urakawa,2020-03-02,1.1,2020,3,JMA daily observed,22,47426
Urakawa,2020-03-03,0.1,2020,3,JMA daily observed,22,47426
Urakawa,2020-03-04,1.1,2020,3,JMA daily observed,22,47426
Urakawa,2020-03-05,1.5,2020,3,JMA daily observed,22,47426
Urakawa,2020-03-06,2.0,2020,3,JMA daily observed,22,47426
Urakawa,2020-03-07,-0.2,2020,3,JMA daily observed,22,47426
Urakawa,2020-03-08,3.6,2020,3,JMA daily observed,22,47426
Urakawa,2020-03-09,7.3,2020,3,JMA daily observed,22,47426
Urakawa,2020-03-10,10.3,2020,3,JMA daily observed,22,47426
Urakawa,2020-03-11,4.0,2020,3,JMA daily observed,22,47426
Urakawa,2020-03-12,1.9,2020,3,JMA daily observed,22,47426
Urakawa,2020-03-13,1.4,2020,3,JMA daily observed,22,47426
Urakawa,2020-03-14,-1.2,2020,3,JMA daily observed,22,47426
Urakawa,2020-03-15,-0.3,2020,3,JMA daily observed,22,47426
Urakawa,2020-03-16,0.1,2020,3,JMA daily observed,22,47426
Urakawa,2020-03-17,0.2,2020,3,JMA daily observed,22,47426
Urakawa,2020-03-18,3.3,2020,3,JMA daily observed,22,47426
Urakawa,2020-03-19,6.7,2020,3,JMA daily observed,22,47426
Urakawa,2020-03-20,5.2,2020,3,JMA daily observed,22,47426
Urakawa,2020-03-21,4.0,2020,3,JMA daily observed,22,47426
Urakawa,2020-03-22,4.5,2020,3,JMA daily observed,22,47426
Urakawa,2020-03-23,2.5,2020,3,JMA daily observed,22,47426
Urakawa,2020-03-24,1.5,2020,3,JMA daily observed,22,47426
Urakawa,2020-03-25,3.4,2020,3,JMA daily observed,22,47426
Urakawa,2020-03-27,7.7,2020,3,JMA daily observed,22,47426
Urakawa,2020-03-28,4.9,2020,3,JMA daily observed,22,47426
Urakawa,2020-03-29,2.0,2020,3,JMA daily observed,22,47426
Urakawa,2020-03-30,2.4,2020,3,JMA daily observed,22,47426
Urakawa,2020-03-31,5.7,2020,3,JMA daily observed,22,47426
Aomori,2020-02-01,2.6,2020,2,JMA daily observed,31,47575
Aomori,2020-02-02,1.9,2020,2,JMA daily observed,31,47575
Aomori,2020-02-03,0.8,2020,2,JMA daily observed,31,47575
Aomori,2020-02-04,-1.7,2020,2,JMA daily observed,31,47575
Aomori,2020-02-05,-3.4,2020,2,JMA daily observed,31,47575
Aomori,2020-02-06,-4.6,2020,2,JMA daily observed,31,47575
Aomori,2020-02-07,-0.8,2020,2,JMA daily observed,31,47575
Aomori,2020-02-08,-2.4,2020,2,JMA daily observed,31,47575
Aomori,2020-02-09,-5.3,2020,2,JMA daily observed,31,47575
Aomori,2020-02-10,-3.7,2020,2,JMA daily observed,31,47575
Aomori,2020-02-11,-0.9,2020,2,JMA daily observed,31,47575
Aomori,2020-02-12,4.3,2020,2,JMA daily observed,31,47575
Aomori,2020-02-13,4.0,2020,2,JMA daily observed,31,47575
Aomori,2020-02-14,7.2,2020,2,JMA daily observed,31,47575
Aomori,2020-02-15,3.5,2020,2,JMA daily observed,31,47575
Aomori,2020-02-16,1.5,2020,2,JMA daily observed,31,47575
Aomori,2020-02-17,5.0,2020,2,JMA daily observed,31,47575
Aomori,2020-02-18,2.3,2020,2,JMA daily observed,31,47575
Aomori,2020-02-19,1.2,2020,2,JMA daily observed,31,47575
Aomori,2020-02-20,2.2,2020,2,JMA daily observed,31,47575
Aomori,2020-02-21,2.8,2020,2,JMA daily observed,31,47575
Aomori,2020-02-22,3.4,2020,2,JMA daily observed,31,47575
Aomori,2020-02-23,2.2,2020,2,JMA daily observed,31,47575
Aomori,2020-02-24,3.9,2020,2,JMA daily observed,31,47575
Aomori,2020-02-25,3.3,2020,2,JMA daily observed,31,47575
Aomori,2020-02-26,1.2,2020,2,JMA daily observed,31,47575
Aomori,2020-02-27,-0.1,2020,2,JMA daily observed,31,47575
Aomori,2020-02-28,0.2,2020,2,JMA daily observed,31,47575
Aomori,2020-02-29,3.1,2020,2,JMA daily observed,31,47575
Aomori,2020-03-01,3.9,2020,3,JMA daily observed,31,47575
Aomori,2020-03-02,4.2,2020,3,JMA daily observed,31,47575
Aomori,2020-03-03,3.8,2020,3,JMA daily observed,31,47575
Aomori,2020-03-04,4.8,2020,3,JMA daily observed,31,47575
Aomori,2020-03-05,4.0,2020,3,JMA daily observed,31,47575
Aomori,2020-03-06,3.7,2020,3,JMA daily observed,31,47575
Aomori,2020-03-07,3.1,2020,3,JMA daily observed,31,47575
Aomori,2020-03-08,4.3,2020,3,JMA daily observed,31,47575
Aomori,2020-03-09,6.3,2020,3,JMA daily observed,31,47575
Aomori,2020-03-10,7.4,2020,3,JMA daily observed,31,47575
Aomori,2020-03-11,5.2,2020,3,JMA daily observed,31,47575
Aomori,2020-03-12,5.7,2020,3,JMA daily observed,31,47575
Aomori,2020-03-13,4.1,2020,3,JMA daily observed,31,47575
Aomori,2020-03-14,1.9,2020,3,JMA daily observed,31,47575
Aomori,2020-03-15,2.1,2020,3,JMA daily observed,31,47575
Aomori,2020-03-16,1.2,2020,3,JMA daily observed,31,47575
Aomori,2020-03-17,4.4,2020,3,JMA daily observed,31,47575
Aomori,2020-03-18,6.7,2020,3,JMA daily observed,31,47575
Aomori,2020-03-19,10.3,2020,3,JMA daily observed,31,47575
Aomori,2020-03-20,5.8,2020,3,JMA daily observed,31,47575
Aomori,2020-03-21,7.3,2020,3,JMA daily observed,31,47575
Aomori,2020-03-22,6.4,2020,3,JMA daily observed,31,47575
Aomori,2020-03-23,4.2,2020,3,JMA daily observed,31,47575
Aomori,2020-03-24,3.5,2020,3,JMA daily observed,31,47575
Aomori,2020-03-25,5.4,2020,3,JMA daily observed,31,47575
Aomori,2020-03-26,8.4,2020,3,JMA daily observed,31,47575
Aomori,2020-03-27,7.5,2020,3,JMA daily observed,31,47575
Aomori,2020-03-28,6.6,2020,3,JMA daily observed,31,47575
Aomori,2020-03-29,4.3,2020,3,JMA daily observed,31,47575
Aomori,2020-03-30,4.7,2020,3,JMA daily observed,31,47575
Aomori,2020-03-31,6.6,2020,3,JMA daily observed,31,47575
Akita,2020-02-01,3.8,2020,2,JMA daily observed,32,47582
Akita,2020-02-02,3.2,2020,2,JMA daily observed,32,47582
Akita,2020-02-03,2.2,2020,2,JMA daily observed,32,47582
Akita,2020-02-04,0.3,2020,2,JMA daily observed,32,47582
Akita,2020-02-05,-0.5,2020,2,JMA daily observed,32,47582
Akita,2020-02-06,-4.2,2020,2,JMA daily observed,32,47582
Akita,2020-02-07,-1.0,2020,2,JMA daily observed,32,47582
Akita,2020-02-08,-0.8,2020,2,JMA daily observed,32,47582
Akita,2020-02-09,-3.2,2020,2,JMA daily observed,32,47582
Akita,2020-02-10,-1.8,2020,2,JMA daily observed,32,47582
Akita,2020-02-11,-0.7,2020,2,JMA daily observed,32,47582
Akita,2020-02-12,2.6,2020,2,JMA daily observed,32,47582
Akita,2020-02-13,5.0,2020,2,JMA daily observed,32,47582
Akita,2020-02-14,7.1,2020,2,JMA daily observed,32,47582
Akita,2020-02-15,4.8,2020,2,JMA daily observed,32,47582
Akita,2020-02-16,4.4,2020,2,JMA daily observed,32,47582
Akita,2020-02-17,6.5,2020,2,JMA daily observed,32,47582
Akita,2020-02-18,3.2,2020,2,JMA daily observed,32,47582
Akita,2020-02-19,2.9,2020,2,JMA daily observed,32,47582
Akita,2020-02-20,2.3,2020,2,JMA daily observed,32,47582
Akita,2020-02-21,3.1,2020,2,JMA daily observed,32,47582
Akita,2020-02-22,5.6,2020,2,JMA daily observed,32,47582
Akita,2020-02-23,4.5,2020,2,JMA daily observed,32,47582
Akita,2020-02-24,6.9,2020,2,JMA daily observed,32,47582
Akita,2020-02-25,4.9,2020,2,JMA daily observed,32,47582
Akita,2020-02-26,2.6,2020,2,JMA daily observed,32,47582
Akita,2020-02-27,1.4,2020,2,JMA daily observed,32,47582
Akita,2020-02-28,1.7,2020,2,JMA daily observed,32,47582
Akita,2020-02-29,4.7,2020,2,JMA daily observed,32,47582
Akita,2020-03-01,5.5,2020,3,JMA daily observed,32,47582
Akita,2020-03-02,4.9,2020,3,JMA daily observed,32,47582
Akita,2020-03-03,6.1,2020,3,JMA daily observed,32,47582
Akita,2020-03-04,5.1,2020,3,JMA daily observed,32,47582
Akita,2020-03-05,5.0,2020,3,JMA daily observed,32,47582
Akita,2020-03-06,3.6,2020,3,JMA daily observed,32,47582
Akita,2020-03-07,4.0,2020,3,JMA daily observed,32,47582
Akita,2020-03-08,8.1,2020,3,JMA daily observed,32,47582
Akita,2020-03-09,10.4,2020,3,JMA daily observed,32,47582
Akita,2020-03-10,12.3,2020,3,JMA daily observed,32,47582
Akita,2020-03-11,6.3,2020,3,JMA daily observed,32,47582
Akita,2020-03-12,6.7,2020,3,JMA daily observed,32,47582
Akita,2020-03-13,3.5,2020,3,JMA daily observed,32,47582
Akita,2020-03-14,2.2,2020,3,JMA daily observed,32,47582
Akita,2020-03-15,4.0,2020,3,JMA daily observed,32,47582
Akita,2020-03-16,2.5,2020,3,JMA daily observed,32,47582
Akita,2020-03-17,3.9,2020,3,JMA daily observed,32,47582
Akita,2020-03-18,7.6,2020,3,JMA daily observed,32,47582
Akita,2020-03-19,11.1,2020,3,JMA daily observed,32,47582
Akita,2020-03-20,7.6,2020,3,JMA daily observed,32,47582
Akita,2020-03-21,9.6,2020,3,JMA daily observed,32,47582
Akita,2020-03-22,6.8,2020,3,JMA daily observed,32,47582
Akita,2020-03-23,5.8,2020,3,JMA daily observed,32,47582
Akita,2020-03-24,3.8,2020,3,JMA daily observed,32,47582
Akita,2020-03-25,7.2,2020,3,JMA daily observed,32,47582
Akita,2020-03-26,7.7,2020,3,JMA daily observed,32,47582
Akita,2020-03-27,10.0,2020,3,JMA daily observed,32,47582
Akita,2020-03-28,7.2,2020,3,JMA daily observed,32,47582
Akita,2020-03-29,5.1,2020,3,JMA daily observed,32,47582
Akita,2020-03-30,5.1,2020,3,JMA daily observed,32,47582
Akita,2020-03-31,9.0,2020,3,JMA daily observed,32,47582
Yamagata,2020-02-01,2.8,2020,2,JMA daily observed,35,47588
Yamagata,2020-02-02,2.7,2020,2,JMA daily observed,35,47588
Yamagata,2020-02-03,2.6,2020,2,JMA daily observed,35,47588
Yamagata,2020-02-04,2.1,2020,2,JMA daily observed,35,47588
Yamagata,2020-02-05,1.1,2020,2,JMA daily observed,35,47588
Yamagata,2020-02-06,-4.4,2020,2,JMA daily observed,35,47588
Yamagata,2020-02-07,-0.2,2020,2,JMA daily observed,35,47588
Yamagata,2020-02-08,-0.6,2020,2,JMA daily observed,35,47588
Yamagata,2020-02-09,-2.6,2020,2,JMA daily observed,35,47588
Yamagata,2020-02-10,-1.5,2020,2,JMA daily observed,35,47588
Yamagata,2020-02-11,-0.4,2020,2,JMA daily observed,35,47588
Yamagata,2020-02-12,0.6,2020,2,JMA daily observed,35,47588
Yamagata,2020-02-13,5.8,2020,2,JMA daily observed,35,47588
Yamagata,2020-02-14,8.6,2020,2,JMA daily observed,35,47588
Yamagata,2020-02-15,6.1,2020,2,JMA daily observed,35,47588
Yamagata,2020-02-16,3.1,2020,2,JMA daily observed,35,47588
Yamagata,2020-02-17,5.6,2020,2,JMA daily observed,35,47588
Yamagata,2020-02-18,1.3,2020,2,JMA daily observed,35,47588
Yamagata,2020-02-19,3.3,2020,2,JMA daily observed,35,47588
Yamagata,2020-02-20,2.9,2020,2,JMA daily observed,35,47588
Yamagata,2020-02-21,3.7,2020,2,JMA daily observed,35,47588
Yamagata,2020-02-22,5.6,2020,2,JMA daily observed,35,47588
Yamagata,2020-02-23,2.0,2020,2,JMA daily observed,35,47588
Yamagata,2020-02-24,4.1,2020,2,JMA daily observed,35,47588
Yamagata,2020-02-25,5.9,2020,2,JMA daily observed,35,47588
Yamagata,2020-02-26,2.8,2020,2,JMA daily observed,35,47588
Yamagata,2020-02-27,1.4,2020,2,JMA daily observed,35,47588
Yamagata,2020-02-28,2.1,2020,2,JMA daily observed,35,47588
Yamagata,2020-02-29,4.8,2020,2,JMA daily observed,35,47588
Yamagata,2020-03-01,5.6,2020,3,JMA daily observed,35,47588
Yamagata,2020-03-02,3.2,2020,3,JMA daily observed,35,47588
Yamagata,2020-03-03,5.4,2020,3,JMA daily observed,35,47588
Yamagata,2020-03-04,3.9,2020,3,JMA daily observed,35,47588
Yamagata,2020-03-05,2.9,2020,3,JMA daily observed,35,47588
Yamagata,2020-03-06,3.0,2020,3,JMA daily observed,35,47588
Yamagata,2020-03-07,4.9,2020,3,JMA daily observed,35,47588
Yamagata,2020-03-08,5.1,2020,3,JMA daily observed,35,47588
Yamagata,2020-03-09,11.4,2020,3,JMA daily observed,35,47588
Yamagata,2020-03-10,10.6,2020,3,JMA daily observed,35,47588
Yamagata,2020-03-11,9.1,2020,3,JMA daily observed,35,47588
Yamagata,2020-03-12,5.1,2020,3,JMA daily observed,35,47588
Yamagata,2020-03-13,6.2,2020,3,JMA daily observed,35,47588
Yamagata,2020-03-14,3.3,2020,3,JMA daily observed,35,47588
Yamagata,2020-03-15,4.2,2020,3,JMA daily observed,35,47588
Yamagata,2020-03-16,2.2,2020,3,JMA daily observed,35,47588
Yamagata,2020-03-17,3.7,2020,3,JMA daily observed,35,47588
Yamagata,2020-03-18,7.2,2020,3,JMA daily observed,35,47588
Yamagata,2020-03-19,11.1,2020,3,JMA daily observed,35,47588
Yamagata,2020-03-20,7.6,2020,3,JMA daily observed,35,47588
Yamagata,2020-03-21,10.2,2020,3,JMA daily observed,35,47588
Yamagata,2020-03-22,7.4,2020,3,JMA daily observed,35,47588
Yamagata,2020-03-23,5.4,2020,3,JMA daily observed,35,47588
Yamagata,2020-03-24,2.0,2020,3,JMA daily observed,35,47588
Yamagata,2020-03-25,5.2,2020,3,JMA daily observed,35,47588
Yamagata,2020-03-26,7.9,2020,3,JMA daily observed,35,47588
Yamagata,2020-03-27,10.0,2020,3,JMA daily observed,35,47588
Yamagata,2020-03-28,8.8,2020,3,JMA daily observed,35,47588
Yamagata,2020-03-29,2.4,2020,3,JMA daily observed,35,47588
Yamagata,2020-03-30,5.4,2020,3,JMA daily observed,35,47588
Yamagata,2020-03-31,9.2,2020,3,JMA daily observed,35,47588
Nagano,2020-02-01,1.4,2020,2,JMA daily observed,48,47610
Nagano,2020-02-02,1.3,2020,2,JMA daily observed,48,47610
Nagano,2020-02-03,3.5,2020,2,JMA daily observed,48,47610
Nagano,2020-02-04,2.7,2020,2,JMA daily observed,48,47610
Nagano,2020-02-05,0.3,2020,2,JMA daily observed,48,47610
Nagano,2020-02-06,-3.7,2020,2,JMA daily observed,48,47610
Nagano,2020-02-07,-2.8,2020,2,JMA daily observed,48,47610
Nagano,2020-02-08,-1.1,2020,2,JMA daily observed,48,47610
Nagano,2020-02-09,-3.3,2020,2,JMA daily observed,48,47610
Nagano,2020-02-10,-2.1,2020,2,JMA daily observed,48,47610
Nagano,2020-02-11,0.0,2020,2,JMA daily observed,48,47610
Nagano,2020-02-12,1.6,2020,2,JMA daily observed,48,47610
Nagano,2020-02-13,8.3,2020,2,JMA daily observed,48,47610
Nagano,2020-02-14,7.5,2020,2,JMA daily observed,48,47610
Nagano,2020-02-15,7.0,2020,2,JMA daily observed,48,47610
Nagano,2020-02-16,8.0,2020,2,JMA daily observed,48,47610
Nagano,2020-02-17,5.8,2020,2,JMA daily observed,48,47610
Nagano,2020-02-18,0.1,2020,2,JMA daily observed,48,47610
Nagano,2020-02-19,1.4,2020,2,JMA daily observed,48,47610
Nagano,2020-02-20,2.7,2020,2,JMA daily observed,48,47610
Nagano,2020-02-21,3.4,2020,2,JMA daily observed,48,47610
Nagano,2020-02-22,6.5,2020,2,JMA daily observed,48,47610
Nagano,2020-02-23,2.6,2020,2,JMA daily observed,48,47610
Nagano,2020-02-24,4.1,2020,2,JMA daily observed,48,47610
Nagano,2020-02-25,3.8,2020,2,JMA daily observed,48,47610
Nagano,2020-02-26,3.2,2020,2,JMA daily observed,48,47610
Nagano,2020-02-27,0.1,2020,2,JMA daily observed,48,47610
Nagano,2020-02-28,1.2,2020,2,JMA daily observed,48,47610
Nagano,2020-02-29,5.3,2020,2,JMA daily observed,48,47610
Nagano,2020-03-01,5.5,2020,3,JMA daily observed,48,47610
Nagano,2020-03-02,7.9,2020,3,JMA daily observed,48,47610
Nagano,2020-03-03,5.1,2020,3,JMA daily observed,48,47610
Nagano,2020-03-04,6.5,2020,3,JMA daily observed,48,47610
Nagano,2020-03-05,2.7,2020,3,JMA daily observed,48,47610
Nagano,2020-03-06,2.7,2020,3,JMA daily observed,48,47610
Nagano,2020-03-07,5.4,2020,3,JMA daily observed,48,47610
Nagano,2020-03-08,6.1,2020,3,JMA daily observed,48,47610
Nagano,2020-03-09,11.4,2020,3,JMA daily observed,48,47610
Nagano,2020-03-10,13.7,2020,3,JMA daily observed,48,47610
Nagano,2020-03-11,8.4,2020,3,JMA daily observed,48,47610
Nagano,2020-03-12,5.4,2020,3,JMA daily observed,48,47610
Nagano,2020-03-13,6.8,2020,3,JMA daily observed,48,47610
Nagano,2020-03-14,2.2,2020,3,JMA daily observed,48,47610
Nagano,2020-03-15,3.9,2020,3,JMA daily observed,48,47610
Nagano,2020-03-16,0.2,2020,3,JMA daily observed,48,47610
Nagano,2020-03-17,3.1,2020,3,JMA daily observed,48,47610
Nagano,2020-03-18,7.0,2020,3,JMA daily observed,48,47610
Nagano,2020-03-19,11.5,2020,3,JMA daily observed,48,47610
Nagano,2020-03-20,5.9,2020,3,JMA daily observed,48,47610
Nagano,2020-03-21,8.3,2020,3,JMA daily observed,48,47610
Nagano,2020-03-22,7.4,2020,3,JMA daily observed,48,47610
Nagano,2020-03-23,5.5,2020,3,JMA daily observed,48,47610
Nagano,2020-03-24,0.4,2020,3,JMA daily observed,48,47610
Nagano,2020-03-25,3.3,2020,3,JMA daily observed,48,47610
Nagano,2020-03-26,8.4,2020,3,JMA daily observed,48,47610
Nagano,2020-03-27,13.3,2020,3,JMA daily observed,48,47610
Nagano,2020-03-28,7.9,2020,3,JMA daily observed,48,47610
Nagano,2020-03-29,1.1,2020,3,JMA daily observed,48,47610
Nagano,2020-03-30,5.0,2020,3,JMA daily observed,48,47610
Nagano,2020-03-31,9.6,2020,3,JMA daily observed,48,47610
Fukui,2020-02-01,3.2,2020,2,JMA daily observed,57,47616
Fukui,2020-02-02,4.6,2020,2,JMA daily observed,57,47616
Fukui,2020-02-03,6.1,2020,2,JMA daily observed,57,47616
Fukui,2020-02-04,6.1,2020,2,JMA daily observed,57,47616
Fukui,2020-02-05,3.5,2020,2,JMA daily observed,57,47616
Fukui,2020-02-06,0.0,2020,2,JMA daily observed,57,47616
Fukui,2020-02-07,1.4,2020,2,JMA daily observed,57,47616
Fukui,2020-02-08,3.8,2020,2,JMA daily observed,57,47616
Fukui,2020-02-09,1.4,2020,2,JMA daily observed,57,47616
Fukui,2020-02-10,2.2,2020,2,JMA daily observed,57,47616
Fukui,2020-02-11,4.1,2020,2,JMA daily observed,57,47616
Fukui,2020-02-12,7.6,2020,2,JMA daily observed,57,47616
Fukui,2020-02-13,12.0,2020,2,JMA daily observed,57,47616
Fukui,2020-02-14,9.9,2020,2,JMA daily observed,57,47616
Fukui,2020-02-15,9.4,2020,2,JMA daily observed,57,47616
Fukui,2020-02-16,11.3,2020,2,JMA daily observed,57,47616
Fukui,2020-02-17,5.2,2020,2,JMA daily observed,57,47616
Fukui,2020-02-18,3.0,2020,2,JMA daily observed,57,47616
Fukui,2020-02-19,5.1,2020,2,JMA daily observed,57,47616
Fukui,2020-02-20,6.4,2020,2,JMA daily observed,57,47616
Fukui,2020-02-21,6.5,2020,2,JMA daily observed,57,47616
Fukui,2020-02-22,8.8,2020,2,JMA daily observed,57,47616
Fukui,2020-02-23,6.5,2020,2,JMA daily observed,57,47616
Fukui,2020-02-24,7.7,2020,2,JMA daily observed,57,47616
Fukui,2020-02-25,7.7,2020,2,JMA daily observed,57,47616
Fukui,2020-02-26,8.2,2020,2,JMA daily observed,57,47616
Fukui,2020-02-27,4.9,2020,2,JMA daily observed,57,47616
Fukui,2020-02-28,5.0,2020,2,JMA daily observed,57,47616
Fukui,2020-02-29,8.6,2020,2,JMA daily observed,57,47616
Fukui,2020-03-01,9.0,2020,3,JMA daily observed,57,47616
Fukui,2020-03-02,9.0,2020,3,JMA daily observed,57,47616
Fukui,2020-03-03,7.8,2020,3,JMA daily observed,57,47616
Fukui,2020-03-04,7.2,2020,3,JMA daily observed,57,47616
Fukui,2020-03-05,6.0,2020,3,JMA daily observed,57,47616
Fukui,2020-03-06,5.6,2020,3,JMA daily observed,57,47616
Fukui,2020-03-07,6.0,2020,3,JMA daily observed,57,47616
Fukui,2020-03-08,9.4,2020,3,JMA daily observed,57,47616
Fukui,2020-03-09,10.4,2020,3,JMA daily observed,57,47616
Fukui,2020-03-10,11.5,2020,3,JMA daily observed,57,47616
Fukui,2020-03-11,9.0,2020,3,JMA daily observed,57,47616
Fukui,2020-03-12,7.1,2020,3,JMA daily observed,57,47616
Fukui,2020-03-13,9.8,2020,3,JMA daily observed,57,47616
Fukui,2020-03-14,8.0,2020,3,JMA daily observed,57,47616
Fukui,2020-03-15,5.5,2020,3,JMA daily observed,57,47616
Fukui,2020-03-16,3.8,2020,3,JMA daily observed,57,47616
Fukui,2020-03-17,5.3,2020,3,JMA daily observed,57,47616
Fukui,2020-03-18,10.3,2020,3,JMA daily observed,57,47616
Fukui,2020-03-19,14.7,2020,3,JMA daily observed,57,47616
Fukui,2020-03-20,8.8,2020,3,JMA daily observed,57,47616
Fukui,2020-03-21,10.7,2020,3,JMA daily observed,57,47616
Fukui,2020-03-22,11.2,2020,3,JMA daily observed,57,47616
Fukui,2020-03-23,8.6,2020,3,JMA daily observed,57,47616
Fukui,2020-03-24,6.7,2020,3,JMA daily observed,57,47616
Fukui,2020-03-25,6.2,2020,3,JMA daily observed,57,47616
Fukui,2020-03-26,12.2,2020,3,JMA daily observed,57,47616
Fukui,2020-03-27,14.5,2020,3,JMA daily observed,57,47616
Fukui,2020-03-28,9.9,2020,3,JMA daily observed,57,47616
Fukui,2020-03-29,7.3,2020,3,JMA daily observed,57,47616
Fukui,2020-03-30,8.7,2020,3,JMA daily observed,57,47616
Fukui,2020-03-31,12.4,2020,3,JMA daily observed,57,47616
Kyoto,2020-02-01,5.8,2020,2,JMA daily observed,61,47759
Kyoto,2020-02-02,6.3,2020,2,JMA daily observed,61,47759
Kyoto,2020-02-03,7.5,2020,2,JMA daily observed,61,47759
Kyoto,2020-02-04,6.5,2020,2,JMA daily observed,61,47759
Kyoto,2020-02-05,4.5,2020,2,JMA daily observed,61,47759
Kyoto,2020-02-06,2.0,2020,2,JMA daily observed,61,47759
Kyoto,2020-02-07,3.2,2020,2,JMA daily observed,61,47759
Kyoto,2020-02-08,5.2,2020,2,JMA daily observed,61,47759
Kyoto,2020-02-09,2.5,2020,2,JMA daily observed,61,47759
Kyoto,2020-02-10,3.0,2020,2,JMA daily observed,61,47759
Kyoto,2020-02-11,5.2,2020,2,JMA daily observed,61,47759
Kyoto,2020-02-12,8.1,2020,2,JMA daily observed,61,47759
Kyoto,2020-02-13,13.1,2020,2,JMA daily observed,61,47759
Kyoto,2020-02-14,10.8,2020,2,JMA daily observed,61,47759
Kyoto,2020-02-15,9.9,2020,2,JMA daily observed,61,47759
Kyoto,2020-02-16,11.7,2020,2,JMA daily observed,61,47759
Kyoto,2020-02-17,7.3,2020,2,JMA daily observed,61,47759
Kyoto,2020-02-18,3.8,2020,2,JMA daily observed,61,47759
Kyoto,2020-02-19,7.1,2020,2,JMA daily observed,61,47759
Kyoto,2020-02-20,7.6,2020,2,JMA daily observed,61,47759
Kyoto,2020-02-21,8.8,2020,2,JMA daily observed,61,47759
Kyoto,2020-02-22,7.9,2020,2,JMA daily observed,61,47759
Kyoto,2020-02-23,7.0,2020,2,JMA daily observed,61,47759
Kyoto,2020-02-24,7.8,2020,2,JMA daily observed,61,47759
Kyoto,2020-02-25,8.3,2020,2,JMA daily observed,61,47759
Kyoto,2020-02-26,9.7,2020,2,JMA daily observed,61,47759
Kyoto,2020-02-27,5.5,2020,2,JMA daily observed,61,47759
Kyoto,2020-02-28,6.0,2020,2,JMA daily observed,61,47759
Kyoto,2020-02-29,7.1,2020,2,JMA daily observed,61,47759
Kyoto,2020-03-01,9.9,2020,3,JMA daily observed,61,47759
Kyoto,2020-03-02,11.4,2020,3,JMA daily observed,61,47759
Kyoto,2020-03-03,9.4,2020,3,JMA daily observed,61,47759
Kyoto,2020-03-04,8.5,2020,3,JMA daily observed,61,47759
Kyoto,2020-03-05,6.2,2020,3,JMA daily observed,61,47759
Kyoto,2020-03-06,7.1,2020,3,JMA daily observed,61,47759
Kyoto,2020-03-07,8.8,2020,3,JMA daily observed,61,47759
Kyoto,2020-03-08,10.5,2020,3,JMA daily observed,61,47759
Kyoto,2020-03-09,12.5,2020,3,JMA daily observed,61,47759
Kyoto,2020-03-10,15.0,2020,3,JMA daily observed,61,47759
Kyoto,2020-03-11,11.1,2020,3,JMA daily observed,61,47759
Kyoto,2020-03-12,9.8,2020,3,JMA daily observed,61,47759
Kyoto,2020-03-13,10.8,2020,3,JMA daily observed,61,47759
Kyoto,2020-03-14,8.4,2020,3,JMA daily observed,61,47759
Kyoto,2020-03-15,7.1,2020,3,JMA daily observed,61,47759
Kyoto,2020-03-16,4.8,2020,3,JMA daily observed,61,47759
Kyoto,2020-03-17,7.2,2020,3,JMA daily observed,61,47759
Kyoto,2020-03-18,12.1,2020,3,JMA daily observed,61,47759
Kyoto,2020-03-19,15.3,2020,3,JMA daily observed,61,47759
Kyoto,2020-03-20,12.1,2020,3,JMA daily observed,61,47759
Kyoto,2020-03-21,12.8,2020,3,JMA daily observed,61,47759
Kyoto,2020-03-22,13.9,2020,3,JMA daily observed,61,47759
Kyoto,2020-03-23,11.6,2020,3,JMA daily observed,61,47759
Kyoto,2020-03-24,8.4,2020,3,JMA daily observed,61,47759
Kyoto,2020-03-25,9.9,2020,3,JMA daily observed,61,47759
Kyoto,2020-03-26,14.1,2020,3,JMA daily observed,61,47759
Kyoto,2020-03-27,15.2,2020,3,JMA daily observed,61,47759
Kyoto,2020-03-28,12.3,2020,3,JMA daily observed,61,47759
Kyoto,2020-03-29,8.5,2020,3,JMA daily observed,61,47759
Kyoto,2020-03-30,10.2,2020,3,JMA daily observed,61,47759
Kyoto,2020-03-31,14.1,2020,3,JMA daily observed,61,47759
Nara,2020-02-01,5.1,2020,2,JMA daily observed,64,47780
Nara,2020-02-02,5.8,2020,2,JMA daily observed,64,47780
Nara,2020-02-03,6.6,2020,2,JMA daily observed,64,47780
Nara,2020-02-04,5.3,2020,2,JMA daily observed,64,47780
Nara,2020-02-05,4.7,2020,2,JMA daily observed,64,47780
Nara,2020-02-06,1.8,2020,2,JMA daily observed,64,47780
Nara,2020-02-07,2.1,2020,2,JMA daily observed,64,47780
Nara,2020-02-08,4.6,2020,2,JMA daily observed,64,47780
Nara,2020-02-09,2.4,2020,2,JMA daily observed,64,47780
Nara,2020-02-10,2.7,2020,2,JMA daily observed,64,47780
Nara,2020-02-11,4.6,2020,2,JMA daily observed,64,47780
Nara,2020-02-12,7.9,2020,2,JMA daily observed,64,47780
Nara,2020-02-13,12.3,2020,2,JMA daily observed,64,47780
Nara,2020-02-14,9.3,2020,2,JMA daily observed,64,47780
Nara,2020-02-15,8.9,2020,2,JMA daily observed,64,47780
Nara,2020-02-16,11.0,2020,2,JMA daily observed,64,47780
Nara,2020-02-17,6.8,2020,2,JMA daily observed,64,47780
Nara,2020-02-18,3.9,2020,2,JMA daily observed,64,47780
Nara,2020-02-19,5.9,2020,2,JMA daily observed,64,47780
Nara,2020-02-20,6.5,2020,2,JMA daily observed,64,47780
Nara,2020-02-21,7.8,2020,2,JMA daily observed,64,47780
Nara,2020-02-22,7.6,2020,2,JMA daily observed,64,47780
Nara,2020-02-23,7.2,2020,2,JMA daily observed,64,47780
Nara,2020-02-24,7.0,2020,2,JMA daily observed,64,47780
Nara,2020-02-25,7.8,2020,2,JMA daily observed,64,47780
Nara,2020-02-26,9.1,2020,2,JMA daily observed,64,47780
Nara,2020-02-27,5.5,2020,2,JMA daily observed,64,47780
Nara,2020-02-28,5.9,2020,2,JMA daily observed,64,47780
Nara,2020-02-29,6.8,2020,2,JMA daily observed,64,47780
Nara,2020-03-01,9.5,2020,3,JMA daily observed,64,47780
Nara,2020-03-02,10.7,2020,3,JMA daily observed,64,47780
Nara,2020-03-03,9.0,2020,3,JMA daily observed,64,47780
Nara,2020-03-04,8.0,2020,3,JMA daily observed,64,47780
Nara,2020-03-05,6.1,2020,3,JMA daily observed,64,47780
Nara,2020-03-06,6.6,2020,3,JMA daily observed,64,47780
Nara,2020-03-07,8.4,2020,3,JMA daily observed,64,47780
Nara,2020-03-08,9.1,2020,3,JMA daily observed,64,47780
Nara,2020-03-09,11.4,2020,3,JMA daily observed,64,47780
Nara,2020-03-10,14.5,2020,3,JMA daily observed,64,47780
Nara,2020-03-11,11.3,2020,3,JMA daily observed,64,47780
Nara,2020-03-12,8.5,2020,3,JMA daily observed,64,47780
Nara,2020-03-13,9.7,2020,3,JMA daily observed,64,47780
Nara,2020-03-14,6.8,2020,3,JMA daily observed,64,47780
Nara,2020-03-15,6.8,2020,3,JMA daily observed,64,47780
Nara,2020-03-16,4.5,2020,3,JMA daily observed,64,47780
Nara,2020-03-17,7.2,2020,3,JMA daily observed,64,47780
Nara,2020-03-18,11.6,2020,3,JMA daily observed,64,47780
Nara,2020-03-19,14.1,2020,3,JMA daily observed,64,47780
Nara,2020-03-20,11.4,2020,3,JMA daily observed,64,47780
Nara,2020-03-21,12.3,2020,3,JMA daily observed,64,47780
Nara,2020-03-22,13.5,2020,3,JMA daily observed,64,47780
Nara,2020-03-23,11.4,2020,3,JMA daily observed,64,47780
Nara,2020-03-24,8.1,2020,3,JMA daily observed,64,47780
Nara,2020-03-25,8.9,2020,3,JMA daily observed,64,47780
Nara,2020-03-26,13.2,2020,3,JMA daily observed,64,47780
Nara,2020-03-27,15.1,2020,3,JMA daily observed,64,47780
Nara,2020-03-28,11.8,2020,3,JMA daily observed,64,47780
Nara,2020-03-29,8.2,2020,3,JMA daily observed,64,47780
Nara,2020-03-30,9.0,2020,3,JMA daily observed,64,47780
Nara,2020-03-31,13.8,2020,3,JMA daily observed,64,47780
Osaka,2020-02-01,6.9,2020,2,JMA daily observed,62,47772
Osaka,2020-02-02,7.7,2020,2,JMA daily observed,62,47772
Osaka,2020-02-03,8.3,2020,2,JMA daily observed,62,47772
Osaka,2020-02-04,7.8,2020,2,JMA daily observed,62,47772
Osaka,2020-02-05,6.9,2020,2,JMA daily observed,62,47772
Osaka,2020-02-06,3.3,2020,2,JMA daily observed,62,47772
Osaka,2020-02-07,3.4,2020,2,JMA daily observed,62,47772
Osaka,2020-02-08,6.6,2020,2,JMA daily observed,62,47772
Osaka,2020-02-09,4.1,2020,2,JMA daily observed,62,47772
Osaka,2020-02-10,4.8,2020,2,JMA daily observed,62,47772
Osaka,2020-02-11,7.3,2020,2,JMA daily observed,62,47772
Osaka,2020-02-12,8.9,2020,2,JMA daily observed,62,47772
Osaka,2020-02-13,13.5,2020,2,JMA daily observed,62,47772
Osaka,2020-02-14,11.7,2020,2,JMA daily observed,62,47772
Osaka,2020-02-15,10.3,2020,2,JMA daily observed,62,47772
Osaka,2020-02-16,11.7,2020,2,JMA daily observed,62,47772
Osaka,2020-02-17,8.0,2020,2,JMA daily observed,62,47772
Osaka,2020-02-18,5.5,2020,2,JMA daily observed,62,47772
Osaka,2020-02-19,7.6,2020,2,JMA daily observed,62,47772
Osaka,2020-02-20,8.4,2020,2,JMA daily observed,62,47772
Osaka,2020-02-21,9.5,2020,2,JMA daily observed,62,47772
Osaka,2020-02-22,9.3,2020,2,JMA daily observed,62,47772
Osaka,2020-02-23,9.1,2020,2,JMA daily observed,62,47772
Osaka,2020-02-24,8.7,2020,2,JMA daily observed,62,47772
Osaka,2020-02-25,9.7,2020,2,JMA daily observed,62,47772
Osaka,2020-02-26,10.2,2020,2,JMA daily observed,62,47772
Osaka,2020-02-27,6.5,2020,2,JMA daily observed,62,47772
Osaka,2020-02-28,7.4,2020,2,JMA daily observed,62,47772
Osaka,2020-02-29,7.6,2020,2,JMA daily observed,62,47772
Osaka,2020-03-01,10.3,2020,3,JMA daily observed,62,47772
Osaka,2020-03-02,11.7,2020,3,JMA daily observed,62,47772
Osaka,2020-03-03,10.4,2020,3,JMA daily observed,62,47772
Osaka,2020-03-04,8.8,2020,3,JMA daily observed,62,47772
Osaka,2020-03-05,7.4,2020,3,JMA daily observed,62,47772
Osaka,2020-03-06,8.2,2020,3,JMA daily observed,62,47772
Osaka,2020-03-07,9.4,2020,3,JMA daily observed,62,47772
Osaka,2020-03-08,10.4,2020,3,JMA daily observed,62,47772
Osaka,2020-03-09,13.0,2020,3,JMA daily observed,62,47772
Osaka,2020-03-10,14.5,2020,3,JMA daily observed,62,47772
Osaka,2020-03-11,12.5,2020,3,JMA daily observed,62,47772
Osaka,2020-03-12,10.7,2020,3,JMA daily observed,62,47772
Osaka,2020-03-13,11.7,2020,3,JMA daily observed,62,47772
Osaka,2020-03-14,8.9,2020,3,JMA daily observed,62,47772
Osaka,2020-03-15,8.6,2020,3,JMA daily observed,62,47772
Osaka,2020-03-16,6.4,2020,3,JMA daily observed,62,47772
Osaka,2020-03-17,8.8,2020,3,JMA daily observed,62,47772
Osaka,2020-03-18,13.6,2020,3,JMA daily observed,62,47772
Osaka,2020-03-19,15.6,2020,3,JMA daily observed,62,47772
Osaka,2020-03-20,12.8,2020,3,JMA daily observed,62,47772
Osaka,2020-03-21,13.6,2020,3,JMA daily observed,62,47772
Osaka,2020-03-22,14.9,2020,3,JMA daily observed,62,47772
Osaka,2020-03-23,12.3,2020,3,JMA daily observed,62,47772
Osaka,2020-03-24,10.1,2020,3,JMA daily observed,62,47772
Osaka,2020-03-25,11.0,2020,3,JMA daily observed,62,47772
Osaka,2020-03-26,14.3,2020,3,JMA daily observed,62,47772
Osaka,2020-03-27,15.8,2020,3,JMA daily observed,62,47772
Osaka,2020-03-28,12.5,2020,3,JMA daily observed,62,47772
Osaka,2020-03-29,9.1,2020,3,JMA daily observed,62,47772
Osaka,2020-03-30,10.3,2020,3,JMA daily observed,62,47772
Osaka,2020-03-31,14.7,2020,3,JMA daily observed,62,47772
Kobe,2020-02-01,7.0,2020,2,JMA daily observed,63,47770
Kobe,2020-02-02,7.7,2020,2,JMA daily observed,63,47770
Kobe,2020-02-03,8.4,2020,2,JMA daily observed,63,47770
Kobe,2020-02-04,7.5,2020,2,JMA daily observed,63,47770
Kobe,2020-02-05,7.0,2020,2,JMA daily observed,63,47770
Kobe,2020-02-06,2.8,2020,2,JMA daily observed,63,47770
Kobe,2020-02-07,3.3,2020,2,JMA daily observed,63,47770
Kobe,2020-02-08,7.0,2020,2,JMA daily observed,63,47770
Kobe,2020-02-09,3.7,2020,2,JMA daily observed,63,47770
Kobe,2020-02-10,5.6,2020,2,JMA daily observed,63,47770
Kobe,2020-02-11,6.9,2020,2,JMA daily observed,63,47770
Kobe,2020-02-12,9.9,2020,2,JMA daily observed,63,47770
Kobe,2020-02-13,14.7,2020,2,JMA daily observed,63,47770
Kobe,2020-02-14,12.1,2020,2,JMA daily observed,63,47770
Kobe,2020-02-15,11.3,2020,2,JMA daily observed,63,47770
Kobe,2020-02-16,12.6,2020,2,JMA daily observed,63,47770
Kobe,2020-02-17,7.4,2020,2,JMA daily observed,63,47770
Kobe,2020-02-18,5.2,2020,2,JMA daily observed,63,47770
Kobe,2020-02-19,7.4,2020,2,JMA daily observed,63,47770
Kobe,2020-02-20,8.7,2020,2,JMA daily observed,63,47770
Kobe,2020-02-21,9.5,2020,2,JMA daily observed,63,47770
Kobe,2020-02-22,10.9,2020,2,JMA daily observed,63,47770
Kobe,2020-02-23,9.2,2020,2,JMA daily observed,63,47770
Kobe,2020-02-24,8.8,2020,2,JMA daily observed,63,47770
Kobe,2020-02-25,11.2,2020,2,JMA daily observed,63,47770
Kobe,2020-02-26,10.4,2020,2,JMA daily observed,63,47770
Kobe,2020-02-27,6.4,2020,2,JMA daily observed,63,47770
Kobe,2020-02-28,7.0,2020,2,JMA daily observed,63,47770
Kobe,2020-02-29,8.5,2020,2,JMA daily observed,63,47770
Kobe,2020-03-01,10.6,2020,3,JMA daily observed,63,47770
Kobe,2020-03-02,12.3,2020,3,JMA daily observed,63,47770
Kobe,2020-03-03,10.5,2020,3,JMA daily observed,63,47770
Kobe,2020-03-04,9.4,2020,3,JMA daily observed,63,47770
Kobe,2020-03-05,7.2,2020,3,JMA daily observed,63,47770
Kobe,2020-03-06,7.7,2020,3,JMA daily observed,63,47770
Kobe,2020-03-07,9.4,2020,3,JMA daily observed,63,47770
Kobe,2020-03-08,11.0,2020,3,JMA daily observed,63,47770
Kobe,2020-03-09,12.4,2020,3,JMA daily observed,63,47770
Kobe,2020-03-10,14.8,2020,3,JMA daily observed,63,47770
Kobe,2020-03-11,12.5,2020,3,JMA daily observed,63,47770
Kobe,2020-03-12,9.9,2020,3,JMA daily observed,63,47770
Kobe,2020-03-13,11.5,2020,3,JMA daily observed,63,47770
Kobe,2020-03-14,9.3,2020,3,JMA daily observed,63,47770
Kobe,2020-03-15,8.4,2020,3,JMA daily observed,63,47770
Kobe,2020-03-16,5.9,2020,3,JMA daily observed,63,47770
Kobe,2020-03-17,8.6,2020,3,JMA daily observed,63,47770
Kobe,2020-03-18,12.9,2020,3,JMA daily observed,63,47770
Kobe,2020-03-19,15.2,2020,3,JMA daily observed,63,47770
Kobe,2020-03-20,12.7,2020,3,JMA daily observed,63,47770
Kobe,2020-03-21,13.2,2020,3,JMA daily observed,63,47770
Kobe,2020-03-22,15.5,2020,3,JMA daily observed,63,47770
Kobe,2020-03-23,12.5,2020,3,JMA daily observed,63,47770
Kobe,2020-03-24,9.9,2020,3,JMA daily observed,63,47770
Kobe,2020-03-25,10.0,2020,3,JMA daily observed,63,47770
Kobe,2020-03-26,14.2,2020,3,JMA daily observed,63,47770
Kobe,2020-03-27,16.9,2020,3,JMA daily observed,63,47770
Kobe,2020-03-28,13.6,2020,3,JMA daily observed,63,47770
Kobe,2020-03-29,9.9,2020,3,JMA daily observed,63,47770
Kobe,2020-03-30,11.1,2020,3,JMA daily observed,63,47770
Kobe,2020-03-31,15.4,2020,3,JMA daily observed,63,47770
Matsue,2020-02-01,5.9,2020,2,JMA daily observed,68,47741
Matsue,2020-02-02,5.8,2020,2,JMA daily observed,68,47741
Matsue,2020-02-03,6.3,2020,2,JMA daily observed,68,47741
Matsue,2020-02-04,5.3,2020,2,JMA daily observed,68,47741
Matsue,2020-02-05,4.5,2020,2,JMA daily observed,68,47741
Matsue,2020-02-06,0.4,2020,2,JMA daily observed,68,47741
Matsue,2020-02-07,2.5,2020,2,JMA daily observed,68,47741
Matsue,2020-02-08,4.7,2020,2,JMA daily observed,68,47741
Matsue,2020-02-09,3.3,2020,2,JMA daily observed,68,47741
Matsue,2020-02-10,4.9,2020,2,JMA daily observed,68,47741
Matsue,2020-02-11,5.0,2020,2,JMA daily observed,68,47741
Matsue,2020-02-12,8.5,2020,2,JMA daily observed,68,47741
Matsue,2020-02-13,11.9,2020,2,JMA daily observed,68,47741
Matsue,2020-02-14,10.2,2020,2,JMA daily observed,68,47741
Matsue,2020-02-15,10.3,2020,2,JMA daily observed,68,47741
Matsue,2020-02-16,10.1,2020,2,JMA daily observed,68,47741
Matsue,2020-02-17,2.7,2020,2,JMA daily observed,68,47741
Matsue,2020-02-18,2.8,2020,2,JMA daily observed,68,47741
Matsue,2020-02-19,5.3,2020,2,JMA daily observed,68,47741
Matsue,2020-02-20,6.2,2020,2,JMA daily observed,68,47741
Matsue,2020-02-21,7.3,2020,2,JMA daily observed,68,47741
Matsue,2020-02-22,9.6,2020,2,JMA daily observed,68,47741
Matsue,2020-02-23,7.4,2020,2,JMA daily observed,68,47741
Matsue,2020-02-24,7.9,2020,2,JMA daily observed,68,47741
Matsue,2020-02-25,8.5,2020,2,JMA daily observed,68,47741
Matsue,2020-02-26,9.3,2020,2,JMA daily observed,68,47741
Matsue,2020-02-27,6.5,2020,2,JMA daily observed,68,47741
Matsue,2020-02-28,4.9,2020,2,JMA daily observed,68,47741
Matsue,2020-02-29,6.4,2020,2,JMA daily observed,68,47741
Matsue,2020-03-01,8.5,2020,3,JMA daily observed,68,47741
Matsue,2020-03-02,7.6,2020,3,JMA daily observed,68,47741
Matsue,2020-03-03,8.2,2020,3,JMA daily observed,68,47741
Matsue,2020-03-04,8.1,2020,3,JMA daily observed,68,47741
Matsue,2020-03-05,6.7,2020,3,JMA daily observed,68,47741
Matsue,2020-03-06,6.1,2020,3,JMA daily observed,68,47741
Matsue,2020-03-07,7.6,2020,3,JMA daily observed,68,47741
Matsue,2020-03-08,9.5,2020,3,JMA daily observed,68,47741
Matsue,2020-03-09,9.7,2020,3,JMA daily observed,68,47741
Matsue,2020-03-10,11.4,2020,3,JMA daily observed,68,47741
Matsue,2020-03-11,9.2,2020,3,JMA daily observed,68,47741
Matsue,2020-03-12,8.3,2020,3,JMA daily observed,68,47741
Matsue,2020-03-13,10.0,2020,3,JMA daily observed,68,47741
Matsue,2020-03-14,6.8,2020,3,JMA daily observed,68,47741
Matsue,2020-03-15,5.7,2020,3,JMA daily observed,68,47741
Matsue,2020-03-16,5.3,2020,3,JMA daily observed,68,47741
Matsue,2020-03-17,9.7,2020,3,JMA daily observed,68,47741
Matsue,2020-03-18,12.4,2020,3,JMA daily observed,68,47741
Matsue,2020-03-19,14.2,2020,3,JMA daily observed,68,47741
Matsue,2020-03-20,10.9,2020,3,JMA daily observed,68,47741
Matsue,2020-03-21,12.9,2020,3,JMA daily observed,68,47741
Matsue,2020-03-22,13.9,2020,3,JMA daily observed,68,47741
Matsue,2020-03-23,10.8,2020,3,JMA daily observed,68,47741
Matsue,2020-03-24,9.2,2020,3,JMA daily observed,68,47741
Matsue,2020-03-25,8.8,2020,3,JMA daily observed,68,47741
Matsue,2020-03-26,14.1,2020,3,JMA daily observed,68,47741
Matsue,2020-03-27,16.7,2020,3,JMA daily observed,68,47741
Matsue,2020-03-28,10.4,2020,3,JMA daily observed,68,47741
Matsue,2020-03-29,9.3,2020,3,JMA daily observed,68,47741
Matsue,2020-03-30,9.8,2020,3,JMA daily observed,68,47741
Matsue,2020-03-31,11.2,2020,3,JMA daily observed,68,47741
Kochi,2020-02-01,6.5,2020,2,JMA daily observed,74,47893
Kochi,2020-02-02,7.7,2020,2,JMA daily observed,74,47893
Kochi,2020-02-03,8.5,2020,2,JMA daily observed,74,47893
Kochi,2020-02-04,7.2,2020,2,JMA daily observed,74,47893
Kochi,2020-02-05,7.3,2020,2,JMA daily observed,74,47893
Kochi,2020-02-06,5.2,2020,2,JMA daily observed,74,47893
Kochi,2020-02-07,6.5,2020,2,JMA daily observed,74,47893
Kochi,2020-02-08,8.3,2020,2,JMA daily observed,74,47893
Kochi,2020-02-09,6.1,2020,2,JMA daily observed,74,47893
Kochi,2020-02-10,6.5,2020,2,JMA daily observed,74,47893
Kochi,2020-02-11,8.1,2020,2,JMA daily observed,74,47893
Kochi,2020-02-12,10.1,2020,2,JMA daily observed,74,47893
Kochi,2020-02-13,15.2,2020,2,JMA daily observed,74,47893
Kochi,2020-02-14,12.3,2020,2,JMA daily observed,74,47893
Kochi,2020-02-15,13.2,2020,2,JMA daily observed,74,47893
Kochi,2020-02-16,13.7,2020,2,JMA daily observed,74,47893
Kochi,2020-02-17,6.4,2020,2,JMA daily observed,74,47893
Kochi,2020-02-18,4.6,2020,2,JMA daily observed,74,47893
Kochi,2020-02-19,6.6,2020,2,JMA daily observed,74,47893
Kochi,2020-02-20,9.0,2020,2,JMA daily observed,74,47893
Kochi,2020-02-21,9.8,2020,2,JMA daily observed,74,47893
Kochi,2020-02-22,11.5,2020,2,JMA daily observed,74,47893
Kochi,2020-02-23,9.1,2020,2,JMA daily observed,74,47893
Kochi,2020-02-24,9.2,2020,2,JMA daily observed,74,47893
Kochi,2020-02-25,12.8,2020,2,JMA daily observed,74,47893
Kochi,2020-02-26,14.5,2020,2,JMA daily observed,74,47893
Kochi,2020-02-27,9.9,2020,2,JMA daily observed,74,47893
Kochi,2020-02-28,7.6,2020,2,JMA daily observed,74,47893
Kochi,2020-02-29,8.7,2020,2,JMA daily observed,74,47893
Kochi,2020-03-01,11.6,2020,3,JMA daily observed,74,47893
Kochi,2020-03-02,13.8,2020,3,JMA daily observed,74,47893
Kochi,2020-03-03,11.9,2020,3,JMA daily observed,74,47893
Kochi,2020-03-04,11.3,2020,3,JMA daily observed,74,47893
Kochi,2020-03-05,8.8,2020,3,JMA daily observed,74,47893
Kochi,2020-03-06,7.8,2020,3,JMA daily observed,74,47893
Kochi,2020-03-07,8.9,2020,3,JMA daily observed,74,47893
Kochi,2020-03-08,13.3,2020,3,JMA daily observed,74,47893
Kochi,2020-03-09,12.8,2020,3,JMA daily observed,74,47893
Kochi,2020-03-10,14.7,2020,3,JMA daily observed,74,47893
Kochi,2020-03-11,13.2,2020,3,JMA daily observed,74,47893
Kochi,2020-03-12,9.9,2020,3,JMA daily observed,74,47893
Kochi,2020-03-13,11.8,2020,3,JMA daily observed,74,47893
Kochi,2020-03-14,11.5,2020,3,JMA daily observed,74,47893
Kochi,2020-03-15,8.8,2020,3,JMA daily observed,74,47893
Kochi,2020-03-16,7.8,2020,3,JMA daily observed,74,47893
Kochi,2020-03-17,8.8,2020,3,JMA daily observed,74,47893
Kochi,2020-03-18,12.4,2020,3,JMA daily observed,74,47893
Kochi,2020-03-19,13.6,2020,3,JMA daily observed,74,47893
Kochi,2020-03-20,12.2,2020,3,JMA daily observed,74,47893
Kochi,2020-03-21,12.9,2020,3,JMA daily observed,74,47893
Kochi,2020-03-22,15.3,2020,3,JMA daily observed,74,47893
Kochi,2020-03-23,15.4,2020,3,JMA daily observed,74,47893
Kochi,2020-03-24,12.3,2020,3,JMA daily observed,74,47893
Kochi,2020-03-25,12.1,2020,3,JMA daily observed,74,47893
Kochi,2020-03-26,14.1,2020,3,JMA daily observed,74,47893
Kochi,2020-03-27,16.5,2020,3,JMA daily observed,74,47893
Kochi,2020-03-28,15.8,2020,3,JMA daily observed,74,47893
Kochi,2020-03-29,13.6,2020,3,JMA daily observed,74,47893
Kochi,2020-03-30,13.4,2020,3,JMA daily observed,74,47893
Kochi,2020-03-31,15.0,2020,3,JMA daily observed,74,47893
Fukuoka,2020-02-01,8.0,2020,2,JMA daily observed,82,47807
Fukuoka,2020-02-02,8.5,2020,2,JMA daily observed,82,47807
Fukuoka,2020-02-03,8.7,2020,2,JMA daily observed,82,47807
Fukuoka,2020-02-04,8.1,2020,2,JMA daily observed,82,47807
Fukuoka,2020-02-05,7.2,2020,2,JMA daily observed,82,47807
Fukuoka,2020-02-06,5.8,2020,2,JMA daily observed,82,47807
Fukuoka,2020-02-07,7.9,2020,2,JMA daily observed,82,47807
Fukuoka,2020-02-08,8.3,2020,2,JMA daily observed,82,47807
Fukuoka,2020-02-09,7.0,2020,2,JMA daily observed,82,47807
Fukuoka,2020-02-10,9.0,2020,2,JMA daily observed,82,47807
Fukuoka,2020-02-11,9.4,2020,2,JMA daily observed,82,47807
Fukuoka,2020-02-12,12.6,2020,2,JMA daily observed,82,47807
Fukuoka,2020-02-13,14.1,2020,2,JMA daily observed,82,47807
Fukuoka,2020-02-14,13.3,2020,2,JMA daily observed,82,47807
Fukuoka,2020-02-15,14.6,2020,2,JMA daily observed,82,47807
Fukuoka,2020-02-16,11.3,2020,2,JMA daily observed,82,47807
Fukuoka,2020-02-17,5.1,2020,2,JMA daily observed,82,47807
Fukuoka,2020-02-18,4.8,2020,2,JMA daily observed,82,47807
Fukuoka,2020-02-19,7.0,2020,2,JMA daily observed,82,47807
Fukuoka,2020-02-20,9.6,2020,2,JMA daily observed,82,47807
Fukuoka,2020-02-21,12.5,2020,2,JMA daily observed,82,47807
Fukuoka,2020-02-22,13.6,2020,2,JMA daily observed,82,47807
Fukuoka,2020-02-23,9.6,2020,2,JMA daily observed,82,47807
Fukuoka,2020-02-24,10.4,2020,2,JMA daily observed,82,47807
Fukuoka,2020-02-25,15.2,2020,2,JMA daily observed,82,47807
Fukuoka,2020-02-26,13.0,2020,2,JMA daily observed,82,47807
Fukuoka,2020-02-27,9.2,2020,2,JMA daily observed,82,47807
Fukuoka,2020-02-28,7.7,2020,2,JMA daily observed,82,47807
Fukuoka,2020-02-29,9.2,2020,2,JMA daily observed,82,47807
Fukuoka,2020-03-01,10.2,2020,3,JMA daily observed,82,47807
Fukuoka,2020-03-02,11.1,2020,3,JMA daily observed,82,47807
Fukuoka,2020-03-03,11.3,2020,3,JMA daily observed,82,47807
Fukuoka,2020-03-04,11.5,2020,3,JMA daily observed,82,47807
Fukuoka,2020-03-05,7.5,2020,3,JMA daily observed,82,47807
Fukuoka,2020-03-06,7.9,2020,3,JMA daily observed,82,47807
Fukuoka,2020-03-07,9.2,2020,3,JMA daily observed,82,47807
Fukuoka,2020-03-08,12.5,2020,3,JMA daily observed,82,47807
Fukuoka,2020-03-09,12.4,2020,3,JMA daily observed,82,47807
Fukuoka,2020-03-10,12.4,2020,3,JMA daily observed,82,47807
Fukuoka,2020-03-11,10.4,2020,3,JMA daily observed,82,47807
Fukuoka,2020-03-12,10.6,2020,3,JMA daily observed,82,47807
Fukuoka,2020-03-13,11.9,2020,3,JMA daily observed,82,47807
Fukuoka,2020-03-14,10.5,2020,3,JMA daily observed,82,47807
Fukuoka,2020-03-15,11.5,2020,3,JMA daily observed,82,47807
Fukuoka,2020-03-16,9.0,2020,3,JMA daily observed,82,47807
Fukuoka,2020-03-17,11.4,2020,3,JMA daily observed,82,47807
Fukuoka,2020-03-18,14.6,2020,3,JMA daily observed,82,47807
Fukuoka,2020-03-19,16.0,2020,3,JMA daily observed,82,47807
Fukuoka,2020-03-20,12.1,2020,3,JMA daily observed,82,47807
Fukuoka,2020-03-21,15.8,2020,3,JMA daily observed,82,47807
Fukuoka,2020-03-22,16.7,2020,3,JMA daily observed,82,47807
Fukuoka,2020-03-23,14.3,2020,3,JMA daily observed,82,47807
Fukuoka,2020-03-24,13.3,2020,3,JMA daily observed,82,47807
Fukuoka,2020-03-25,14.2,2020,3,JMA daily observed,82,47807
Fukuoka,2020-03-26,16.3,2020,3,JMA daily observed,82,47807
Fukuoka,2020-03-27,17.4,2020,3,JMA daily observed,82,47807
Fukuoka,2020-03-28,12.2,2020,3,JMA daily observed,82,47807
Fukuoka,2020-03-29,12.1,2020,3,JMA daily observed,82,47807
Fukuoka,2020-03-30,12.3,2020,3,JMA daily observed,82,47807
Fukuoka,2020-03-31,15.0,2020,3,JMA daily observed,82,47807
Oita,2020-02-01,8.0,2020,2,JMA daily observed,83,47815
Oita,2020-02-02,7.6,2020,2,JMA daily observed,83,47815
Oita,2020-02-03,8.0,2020,2,JMA daily observed,83,47815
Oita,2020-02-04,6.8,2020,2,JMA daily observed,83,47815
Oita,2020-02-05,6.0,2020,2,JMA daily observed,83,47815
Oita,2020-02-06,6.0,2020,2,JMA daily observed,83,47815
Oita,2020-02-07,5.9,2020,2,JMA daily observed,83,47815
Oita,2020-02-08,7.6,2020,2,JMA daily observed,83,47815
Oita,2020-02-09,6.2,2020,2,JMA daily observed,83,47815
Oita,2020-02-10,8.3,2020,2,JMA daily observed,83,47815
Oita,2020-02-11,8.1,2020,2,JMA daily observed,83,47815
Oita,2020-02-12,9.5,2020,2,JMA daily observed,83,47815
Oita,2020-02-13,13.5,2020,2,JMA daily observed,83,47815
Oita,2020-02-14,12.0,2020,2,JMA daily observed,83,47815
Oita,2020-02-15,11.9,2020,2,JMA daily observed,83,47815
Oita,2020-02-16,11.5,2020,2,JMA daily observed,83,47815
Oita,2020-02-17,5.6,2020,2,JMA daily observed,83,47815
Oita,2020-02-18,4.7,2020,2,JMA daily observed,83,47815
Oita,2020-02-19,5.3,2020,2,JMA daily observed,83,47815
Oita,2020-02-20,8.7,2020,2,JMA daily observed,83,47815
Oita,2020-02-21,9.7,2020,2,JMA daily observed,83,47815
Oita,2020-02-22,13.5,2020,2,JMA daily observed,83,47815
Oita,2020-02-23,9.6,2020,2,JMA daily observed,83,47815
Oita,2020-02-24,8.4,2020,2,JMA daily observed,83,47815
Oita,2020-02-25,13.7,2020,2,JMA daily observed,83,47815
Oita,2020-02-26,13.5,2020,2,JMA daily observed,83,47815
Oita,2020-02-27,9.5,2020,2,JMA daily observed,83,47815
Oita,2020-02-28,6.1,2020,2,JMA daily observed,83,47815
Oita,2020-02-29,8.3,2020,2,JMA daily observed,83,47815
Oita,2020-03-01,9.9,2020,3,JMA daily observed,83,47815
Oita,2020-03-02,11.1,2020,3,JMA daily observed,83,47815
Oita,2020-03-03,8.7,2020,3,JMA daily observed,83,47815
Oita,2020-03-04,11.2,2020,3,JMA daily observed,83,47815
Oita,2020-03-05,7.9,2020,3,JMA daily observed,83,47815
Oita,2020-03-06,7.0,2020,3,JMA daily observed,83,47815
Oita,2020-03-07,8.7,2020,3,JMA daily observed,83,47815
Oita,2020-03-08,12.7,2020,3,JMA daily observed,83,47815
Oita,2020-03-09,11.2,2020,3,JMA daily observed,83,47815
Oita,2020-03-10,15.4,2020,3,JMA daily observed,83,47815
Oita,2020-03-11,12.1,2020,3,JMA daily observed,83,47815
Oita,2020-03-12,9.8,2020,3,JMA daily observed,83,47815
Oita,2020-03-13,10.5,2020,3,JMA daily observed,83,47815
Oita,2020-03-14,10.2,2020,3,JMA daily observed,83,47815
Oita,2020-03-15,10.2,2020,3,JMA daily observed,83,47815
Oita,2020-03-16,8.2,2020,3,JMA daily observed,83,47815
Oita,2020-03-17,10.0,2020,3,JMA daily observed,83,47815
Oita,2020-03-18,12.4,2020,3,JMA daily observed,83,47815
Oita,2020-03-19,14.0,2020,3,JMA daily observed,83,47815
Oita,2020-03-20,12.4,2020,3,JMA daily observed,83,47815
Oita,2020-03-21,12.1,2020,3,JMA daily observed,83,47815
Oita,2020-03-22,14.7,2020,3,JMA daily observed,83,47815
Oita,2020-03-23,14.6,2020,3,JMA daily observed,83,47815
Oita,2020-03-24,11.2,2020,3,JMA daily observed,83,47815
Oita,2020-03-25,11.2,2020,3,JMA daily observed,83,47815
Oita,2020-03-26,13.0,2020,3,JMA daily observed,83,47815
Oita,2020-03-27,18.2,2020,3,JMA daily observed,83,47815
Oita,2020-03-28,13.4,2020,3,JMA daily observed,83,47815
Oita,2020-03-29,11.9,2020,3,JMA daily observed,83,47815
Oita,2020-03-30,11.3,2020,3,JMA daily observed,83,47815
Oita,2020-03-31,11.9,2020,3,JMA daily observed,83,47815
Miyazaki,2020-02-01,7.8,2020,2,JMA daily observed,87,47830
Miyazaki,2020-02-02,9.0,2020,2,JMA daily observed,87,47830
Miyazaki,2020-02-03,8.3,2020,2,JMA daily observed,87,47830
Miyazaki,2020-02-04,8.1,2020,2,JMA daily observed,87,47830
Miyazaki,2020-02-05,9.1,2020,2,JMA daily observed,87,47830
Miyazaki,2020-02-06,6.6,2020,2,JMA daily observed,87,47830
Miyazaki,2020-02-07,7.5,2020,2,JMA daily observed,87,47830
Miyazaki,2020-02-08,8.7,2020,2,JMA daily observed,87,47830
Miyazaki,2020-02-09,6.9,2020,2,JMA daily observed,87,47830
Miyazaki,2020-02-10,9.4,2020,2,JMA daily observed,87,47830
Miyazaki,2020-02-11,8.7,2020,2,JMA daily observed,87,47830
Miyazaki,2020-02-12,10.6,2020,2,JMA daily observed,87,47830
Miyazaki,2020-02-13,17.9,2020,2,JMA daily observed,87,47830
Miyazaki,2020-02-14,14.7,2020,2,JMA daily observed,87,47830
Miyazaki,2020-02-15,14.7,2020,2,JMA daily observed,87,47830
Miyazaki,2020-02-16,14.3,2020,2,JMA daily observed,87,47830
Miyazaki,2020-02-17,7.1,2020,2,JMA daily observed,87,47830
Miyazaki,2020-02-18,5.5,2020,2,JMA daily observed,87,47830
Miyazaki,2020-02-19,7.2,2020,2,JMA daily observed,87,47830
Miyazaki,2020-02-20,10.2,2020,2,JMA daily observed,87,47830
Miyazaki,2020-02-21,11.0,2020,2,JMA daily observed,87,47830
Miyazaki,2020-02-22,13.0,2020,2,JMA daily observed,87,47830
Miyazaki,2020-02-23,11.1,2020,2,JMA daily observed,87,47830
Miyazaki,2020-02-24,10.8,2020,2,JMA daily observed,87,47830
Miyazaki,2020-02-25,14.9,2020,2,JMA daily observed,87,47830
Miyazaki,2020-02-26,17.3,2020,2,JMA daily observed,87,47830
Miyazaki,2020-02-27,11.0,2020,2,JMA daily observed,87,47830
Miyazaki,2020-02-28,8.9,2020,2,JMA daily observed,87,47830
Miyazaki,2020-02-29,12.5,2020,2,JMA daily observed,87,47830
Miyazaki,2020-03-01,12.3,2020,3,JMA daily observed,87,47830
Miyazaki,2020-03-02,14.8,2020,3,JMA daily observed,87,47830
Miyazaki,2020-03-03,11.7,2020,3,JMA daily observed,87,47830
Miyazaki,2020-03-04,13.0,2020,3,JMA daily observed,87,47830
Miyazaki,2020-03-05,8.6,2020,3,JMA daily observed,87,47830
Miyazaki,2020-03-06,8.9,2020,3,JMA daily observed,87,47830
Miyazaki,2020-03-07,11.2,2020,3,JMA daily observed,87,47830
Miyazaki,2020-03-08,14.2,2020,3,JMA daily observed,87,47830
Miyazaki,2020-03-09,12.3,2020,3,JMA daily observed,87,47830
Miyazaki,2020-03-10,17.0,2020,3,JMA daily observed,87,47830
Miyazaki,2020-03-11,12.4,2020,3,JMA daily observed,87,47830
Miyazaki,2020-03-12,10.5,2020,3,JMA daily observed,87,47830
Miyazaki,2020-03-13,13.0,2020,3,JMA daily observed,87,47830
Miyazaki,2020-03-14,12.9,2020,3,JMA daily observed,87,47830
Miyazaki,2020-03-15,10.6,2020,3,JMA daily observed,87,47830
Miyazaki,2020-03-16,10.7,2020,3,JMA daily observed,87,47830
Miyazaki,2020-03-17,12.5,2020,3,JMA daily observed,87,47830
Miyazaki,2020-03-18,16.2,2020,3,JMA daily observed,87,47830
Miyazaki,2020-03-19,16.6,2020,3,JMA daily observed,87,47830
Miyazaki,2020-03-20,13.0,2020,3,JMA daily observed,87,47830
Miyazaki,2020-03-21,16.5,2020,3,JMA daily observed,87,47830
Miyazaki,2020-03-22,16.2,2020,3,JMA daily observed,87,47830
Miyazaki,2020-03-23,15.1,2020,3,JMA daily observed,87,47830
Miyazaki,2020-03-24,12.9,2020,3,JMA daily observed,87,47830
Miyazaki,2020-03-25,13.4,2020,3,JMA daily observed,87,47830
Miyazaki,2020-03-26,13.8,2020,3,JMA daily observed,87,47830
Miyazaki,2020-03-27,18.3,2020,3,JMA daily observed,87,47830
Miyazaki,2020-03-28,16.3,2020,3,JMA daily observed,87,47830
Miyazaki,2020-03-29,13.8,2020,3,JMA daily observed,87,47830
Miyazaki,2020-03-30,12.4,2020,3,JMA daily observed,87,47830
Miyazaki,2020-03-31,14.5,2020,3,JMA daily observed,87,47830
Kagoshima,2020-02-01,9.8,2020,2,JMA daily observed,88,47827
Kagoshima,2020-02-02,9.7,2020,2,JMA daily observed,88,47827
Kagoshima,2020-02-03,9.5,2020,2,JMA daily observed,88,47827
Kagoshima,2020-02-04,9.8,2020,2,JMA daily observed,88,47827
Kagoshima,2020-02-05,9.1,2020,2,JMA daily observed,88,47827
Kagoshima,2020-02-06,7.9,2020,2,JMA daily observed,88,47827
Kagoshima,2020-02-07,9.1,2020,2,JMA daily observed,88,47827
Kagoshima,2020-02-08,8.8,2020,2,JMA daily observed,88,47827
Kagoshima,2020-02-09,8.3,2020,2,JMA daily observed,88,47827
Kagoshima,2020-02-10,10.0,2020,2,JMA daily observed,88,47827
Kagoshima,2020-02-11,10.8,2020,2,JMA daily observed,88,47827
Kagoshima,2020-02-12,14.9,2020,2,JMA daily observed,88,47827
Kagoshima,2020-02-13,17.0,2020,2,JMA daily observed,88,47827
Kagoshima,2020-02-14,16.7,2020,2,JMA daily observed,88,47827
Kagoshima,2020-02-15,17.0,2020,2,JMA daily observed,88,47827
Kagoshima,2020-02-16,13.6,2020,2,JMA daily observed,88,47827
Kagoshima,2020-02-17,6.9,2020,2,JMA daily observed,88,47827
Kagoshima,2020-02-18,5.0,2020,2,JMA daily observed,88,47827
Kagoshima,2020-02-19,7.8,2020,2,JMA daily observed,88,47827
Kagoshima,2020-02-20,10.9,2020,2,JMA daily observed,88,47827
Kagoshima,2020-02-21,13.2,2020,2,JMA daily observed,88,47827
Kagoshima,2020-02-22,13.1,2020,2,JMA daily observed,88,47827
Kagoshima,2020-02-23,10.8,2020,2,JMA daily observed,88,47827
Kagoshima,2020-02-24,10.9,2020,2,JMA daily observed,88,47827
Kagoshima,2020-02-25,14.0,2020,2,JMA daily observed,88,47827
Kagoshima,2020-02-26,17.9,2020,2,JMA daily observed,88,47827
Kagoshima,2020-02-27,12.8,2020,2,JMA daily observed,88,47827
Kagoshima,2020-02-28,12.4,2020,2,JMA daily observed,88,47827
Kagoshima,2020-02-29,13.6,2020,2,JMA daily observed,88,47827
Kagoshima,2020-03-01,14.1,2020,3,JMA daily observed,88,47827
Kagoshima,2020-03-02,14.3,2020,3,JMA daily observed,88,47827
Kagoshima,2020-03-03,13.8,2020,3,JMA daily observed,88,47827
Kagoshima,2020-03-04,13.6,2020,3,JMA daily observed,88,47827
Kagoshima,2020-03-05,9.0,2020,3,JMA daily observed,88,47827
Kagoshima,2020-03-06,10.1,2020,3,JMA daily observed,88,47827
Kagoshima,2020-03-07,13.7,2020,3,JMA daily observed,88,47827
Kagoshima,2020-03-08,15.7,2020,3,JMA daily observed,88,47827
Kagoshima,2020-03-09,14.5,2020,3,JMA daily observed,88,47827
Kagoshima,2020-03-10,15.6,2020,3,JMA daily observed,88,47827
Kagoshima,2020-03-11,11.8,2020,3,JMA daily observed,88,47827
Kagoshima,2020-03-12,10.5,2020,3,JMA daily observed,88,47827
Kagoshima,2020-03-13,13.1,2020,3,JMA daily observed,88,47827
Kagoshima,2020-03-14,11.9,2020,3,JMA daily observed,88,47827
Kagoshima,2020-03-15,11.0,2020,3,JMA daily observed,88,47827
Kagoshima,2020-03-16,11.1,2020,3,JMA daily observed,88,47827
Kagoshima,2020-03-17,11.5,2020,3,JMA daily observed,88,47827
Kagoshima,2020-03-18,14.4,2020,3,JMA daily observed,88,47827
Kagoshima,2020-03-19,16.3,2020,3,JMA daily observed,88,47827
Kagoshima,2020-03-20,12.7,2020,3,JMA daily observed,88,47827
Kagoshima,2020-03-21,14.5,2020,3,JMA daily observed,88,47827
Kagoshima,2020-03-22,15.8,2020,3,JMA daily observed,88,47827
Kagoshima,2020-03-23,17.1,2020,3,JMA daily observed,88,47827
Kagoshima,2020-03-24,14.9,2020,3,JMA daily observed,88,47827
Kagoshima,2020-03-25,16.3,2020,3,JMA daily observed,88,47827
Kagoshima,2020-03-26,16.9,2020,3,JMA daily observed,88,47827
Kagoshima,2020-03-27,19.2,2020,3,JMA daily observed,88,47827
Kagoshima,2020-03-28,16.0,2020,3,JMA daily observed,88,47827
Kagoshima,2020-03-29,14.8,2020,3,JMA daily observed,88,47827
Kagoshima,2020-03-30,13.8,2020,3,JMA daily observed,88,47827
Kagoshima,2020-03-31,17.2,2020,3,JMA daily observed,88,47827
Shizuoka,2020-02-01,8.1,2020,2,JMA daily observed,50,47656
Shizuoka,2020-02-02,8.8,2020,2,JMA daily observed,50,47656
Shizuoka,2020-02-03,10.1,2020,2,JMA daily observed,50,47656
Shizuoka,2020-02-04,8.2,2020,2,JMA daily observed,50,47656
Shizuoka,2020-02-05,8.6,2020,2,JMA daily observed,50,47656
Shizuoka,2020-02-06,5.5,2020,2,JMA daily observed,50,47656
Shizuoka,2020-02-07,5.3,2020,2,JMA daily observed,50,47656
Shizuoka,2020-02-08,8.1,2020,2,JMA daily observed,50,47656
Shizuoka,2020-02-09,6.3,2020,2,JMA daily observed,50,47656
Shizuoka,2020-02-10,7.4,2020,2,JMA daily observed,50,47656
Shizuoka,2020-02-11,7.1,2020,2,JMA daily observed,50,47656
Shizuoka,2020-02-12,10.8,2020,2,JMA daily observed,50,47656
Shizuoka,2020-02-13,15.8,2020,2,JMA daily observed,50,47656
Shizuoka,2020-02-14,12.5,2020,2,JMA daily observed,50,47656
Shizuoka,2020-02-15,11.3,2020,2,JMA daily observed,50,47656
Shizuoka,2020-02-16,12.0,2020,2,JMA daily observed,50,47656
Shizuoka,2020-02-17,12.4,2020,2,JMA daily observed,50,47656
Shizuoka,2020-02-18,7.5,2020,2,JMA daily observed,50,47656
Shizuoka,2020-02-19,7.5,2020,2,JMA daily observed,50,47656
Shizuoka,2020-02-20,9.2,2020,2,JMA daily observed,50,47656
Shizuoka,2020-02-21,10.3,2020,2,JMA daily observed,50,47656
Shizuoka,2020-02-22,12.4,2020,2,JMA daily observed,50,47656
Shizuoka,2020-02-23,11.2,2020,2,JMA daily observed,50,47656
Shizuoka,2020-02-24,9.1,2020,2,JMA daily observed,50,47656
Shizuoka,2020-02-25,11.0,2020,2,JMA daily observed,50,47656
Shizuoka,2020-02-26,10.4,2020,2,JMA daily observed,50,47656
Shizuoka,2020-02-27,8.7,2020,2,JMA daily observed,50,47656
Shizuoka,2020-02-28,7.6,2020,2,JMA daily observed,50,47656
Shizuoka,2020-02-29,9.9,2020,2,JMA daily observed,50,47656
Shizuoka,2020-03-01,11.8,2020,3,JMA daily observed,50,47656
Shizuoka,2020-03-02,11.4,2020,3,JMA daily observed,50,47656
Shizuoka,2020-03-03,12.1,2020,3,JMA daily observed,50,47656
Shizuoka,2020-03-04,11.6,2020,3,JMA daily observed,50,47656
Shizuoka,2020-03-05,10.6,2020,3,JMA daily observed,50,47656
Shizuoka,2020-03-06,8.7,2020,3,JMA daily observed,50,47656
Shizuoka,2020-03-07,11.2,2020,3,JMA daily observed,50,47656
Shizuoka,2020-03-08,9.2,2020,3,JMA daily observed,50,47656
Shizuoka,2020-03-09,14.5,2020,3,JMA daily observed,50,47656
Shizuoka,2020-03-10,15.2,2020,3,JMA daily observed,50,47656
Shizuoka,2020-03-11,16.7,2020,3,JMA daily observed,50,47656
Shizuoka,2020-03-12,11.5,2020,3,JMA daily observed,50,47656
Shizuoka,2020-03-13,12.9,2020,3,JMA daily observed,50,47656
Shizuoka,2020-03-14,8.2,2020,3,JMA daily observed,50,47656
Shizuoka,2020-03-15,9.3,2020,3,JMA daily observed,50,47656
Shizuoka,2020-03-16,8.6,2020,3,JMA daily observed,50,47656
Shizuoka,2020-03-17,8.6,2020,3,JMA daily observed,50,47656
Shizuoka,2020-03-18,15.1,2020,3,JMA daily observed,50,47656
Shizuoka,2020-03-19,14.3,2020,3,JMA daily observed,50,47656
Shizuoka,2020-03-20,14.2,2020,3,JMA daily observed,50,47656
Shizuoka,2020-03-21,13.8,2020,3,JMA daily observed,50,47656
Shizuoka,2020-03-22,16.2,2020,3,JMA daily observed,50,47656
Shizuoka,2020-03-23,13.1,2020,3,JMA daily observed,50,47656
Shizuoka,2020-03-24,10.2,2020,3,JMA daily observed,50,47656
Shizuoka,2020-03-25,10.2,2020,3,JMA daily observed,50,47656
Shizuoka,2020-03-26,13.3,2020,3,JMA daily observed,50,47656
Shizuoka,2020-03-27,15.0,2020,3,JMA daily observed,50,47656
Shizuoka,2020-03-28,18.6,2020,3,JMA daily observed,50,47656
Shizuoka,2020-03-29,9.1,2020,3,JMA daily observed,50,47656
Shizuoka,2020-03-30,10.0,2020,3,JMA daily observed,50,47656
Shizuoka,2020-03-31,12.0,2020,3,JMA daily observed,50,47656
