Year,DOY,Temp_March
812,92,9.9
815,105,6.0
831,96,8.6
851,108,5.2
853,104,6.3
864,100,7.4
866,106,5.7
869,95,8.9
889,104,6.3
891,109,4.9
892,108,5.2
894,106,5.7
895,104,6.3
896,104,6.3
902,102,6.9
908,98,8.0
912,95,8.9
913,110,4.6
917,95,8.9
923,104,6.3
926,98,8.0
930,97,8.3
933,106,5.7
941,109,4.9
949,107,5.4
950,95,8.9
955,89,10.8
957,112,4.1
958,109,4.9
959,97,8.3
960,101,7.2
961,87,11.5
963,94,9.3
965,104,6.3
966,98,8.0
967,103,6.6
969,98,8.0
972,107,5.4
974,108,5.2
975,101,7.2
977,112,4.1
979,104,6.3
985,94,9.3
989,99,7.7
1000,105,6.0
1004,117,2.7
1006,100,7.4
1007,106,5.7
1014,115,3.2
1016,111,4.3
1017,99,7.7
1018,113,3.8
1019,98,8.0
1029,116,3.0
1031,97,8.3
1032,111,4.3
1033,102,6.9
1034,96,8.6
1036,104,6.3
1041,103,6.6
1060,108,5.2
1066,105,6.0
1080,102,6.9
1083,96,8.6
1084,120,2.0
1088,104,6.3
1090,105,6.0
1093,105,6.0
1095,100,7.4
1096,96,8.6
1098,100,7.4
1099,103,6.6
1102,104,6.3
1104,108,5.2
1105,114,3.5
1107,105,6.0
1111,113,3.8
1112,104,6.3
1114,100,7.4
1117,109,4.9
1118,102,6.9
1120,104,6.3
1123,112,4.1
1124,98,8.0
1125,111,4.3
1126,108,5.2
1127,107,5.4
1128,111,4.3
1129,106,5.7
1130,103,6.6
1131,103,6.6
1134,106,5.7
1139,113,3.8
1140,103,6.6
1141,111,4.3
1143,110,4.6
1145,107,5.4
1154,96,8.6
1156,90,10.5
1159,103,6.6
1161,112,4.1
1163,112,4.1
1164,100,7.4
1165,106,5.7
1166,95,8.9
1167,111,4.3
1169,112,4.1
1170,113,3.8
1172,103,6.6
1173,117,2.7
1174,112,4.1
1175,113,3.8
1176,113,3.8
1179,103,6.6
1180,98,8.0
1183,101,7.2
1184,115,3.2
1185,115,3.2
1187,104,6.3
1188,107,5.4
1190,112,4.1
1191,106,5.7
1194,119,2.2
1199,109,4.9
1200,104,6.3
1201,96,8.6
1202,106,5.7
1203,105,6.0
1204,110,4.6
1205,105,6.0
1207,104,6.3
1210,112,4.1
1212,98,8.0
1213,107,5.4
1214,102,6.9
1215,108,5.2
1216,101,7.2
1219,101,7.2
1221,99,7.7
1223,116,3.0
1225,105,6.0
1226,106,5.7
1227,111,4.3
1229,97,8.3
1230,102,6.9
1231,101,7.2
1232,92,9.9
1233,105,6.0
1235,110,4.6
1240,106,5.7
1244,108,5.2
1245,108,5.2
1246,98,8.0
1247,106,5.7
1249,108,5.2
1250,116,3.0
1251,100,7.4
1254,110,4.6
1257,94,9.3
1259,96,8.6
1263,120,2.0
1264,103,6.6
1267,105,6.0
1269,100,7.4
1271,100,7.4
1278,113,3.8
1279,101,7.2
1280,102,6.9
1283,103,6.6
1284,102,6.9
1285,105,6.0
1286,112,4.1
1287,110,4.6
1288,108,5.2
1289,107,5.4
1292,107,5.4
1294,101,7.2
1295,102,6.9
1301,95,8.9
1302,96,8.6
1307,104,6.3
1311,94,9.3
1312,100,7.4
1314,101,7.2
1315,111,4.3
1316,103,6.6
1317,102,6.9
1319,116,3.0
1321,102,6.9
1322,106,5.7
1323,124,1.0
1324,98,8.0
1326,107,5.4
1331,112,4.1
1332,115,3.2
1342,110,4.6
1344,102,6.9
1346,107,5.4
1347,109,4.9
1349,112,4.1
1350,101,7.2
1351,115,3.2
1356,117,2.7
1357,107,5.4
1358,110,4.6
1359,105,6.0
1360,101,7.2
1361,108,5.2
1363,107,5.4
1364,110,4.6
1366,112,4.1
1367,97,8.3
1368,88,11.2
1369,94,9.3
1370,109,4.9
1373,110,4.6
1375,103,6.6
1376,99,7.7
1377,105,6.0
1378,104,6.3
1379,103,6.6
1381,108,5.2
1382,105,6.0
1383,102,6.9
1384,98,8.0
1385,99,7.7
1386,105,6.0
1387,100,7.4
1388,99,7.7
1398,106,5.7
1401,101,7.2
1402,103,6.6
1403,104,6.3
1406,102,6.9
1407,101,7.2
1408,111,4.3
1409,86,11.8
1410,102,6.9
1412,93,9.6
1413,91,10.2
1415,105,6.0
1416,101,7.2
1417,109,4.9
1418,98,8.0
1419,100,7.4
1420,112,4.1
1421,99,7.7
1422,109,4.9
1423,96,8.6
1424,103,6.6
1425,98,8.0
1426,99,7.7
1427,102,6.9
1429,98,8.0
1430,108,5.2
1431,102,6.9
1432,104,6.3
1433,98,8.0
1434,113,3.8
1435,95,8.9
1436,101,7.2
1437,103,6.6
1438,99,7.7
1439,101,7.2
1440,98,8.0
1441,105,6.0
1443,107,5.4
1444,109,4.9
1446,108,5.2
1447,111,4.3
1448,96,8.6
1449,95,8.9
1450,100,7.4
1451,103,6.6
1452,92,9.9
1453,107,5.4
1454,105,6.0
1455,96,8.6
1456,106,5.7
1457,105,6.0
1458,112,4.1
1459,113,3.8
1460,111,4.3
1461,106,5.7
1462,106,5.7
1463,101,7.2
1464,104,6.3
1465,98,8.0
1466,105,6.0
1468,101,7.2
1472,114,3.5
1474,98,8.0
1476,100,7.4
1477,110,4.6
1478,115,3.2
1479,110,4.6
1480,104,6.3
1481,106,5.7
1482,108,5.2
1483,101,7.2
1484,97,8.3
1485,94,9.3
1486,99,7.7
1487,93,9.6
1488,103,6.6
1489,100,7.4
1490,97,8.3
1491,107,5.4
1492,108,5.2
1493,100,7.4
1494,106,5.7
1495,94,9.3
1496,97,8.3
1497,108,5.2
1498,97,8.3
1499,111,4.3
1500,97,8.3
1501,103,6.6
1502,115,3.2
1503,108,5.2
1504,114,3.5
1505,106,5.7
1506,106,5.7
1507,108,5.2
1508,111,4.3
1509,102,6.9
1510,110,4.6
1511,111,4.3
1512,109,4.9
1513,110,4.6
1514,105,6.0
1515,111,4.3
1516,104,6.3
1517,106,5.7
1518,115,3.2
1519,111,4.3
1520,105,6.0
1521,107,5.4
1522,103,6.6
1523,109,4.9
1524,109,4.9
1525,104,6.3
1526,128,0.0
1527,105,6.0
1528,106,5.7
1529,107,5.4
1530,107,5.4
1531,103,6.6
1532,108,5.2
1533,111,4.3
1534,108,5.2
1535,95,8.9
1536,108,5.2
1537,108,5.2
1538,112,4.1
1539,120,2.0
1540,122,1.5
1541,109,4.9
1542,102,6.9
1543,119,2.2
1544,107,5.4
1545,97,8.3
1546,112,4.1
1547,104,6.3
1548,118,2.5
1549,117,2.7
1550,111,4.3
1551,109,4.9
1552,104,6.3
1553,119,2.2
1555,101,7.2
1556,120,2.0
1557,93,9.6
1558,111,4.3
1559,96,8.6
1560,100,7.4
1561,102,6.9
1562,99,7.7
1563,99,7.7
1564,109,4.9
1565,114,3.5
1566,97,8.3
1567,108,5.2
1568,106,5.7
1570,112,4.1
1571,108,5.2
1572,107,5.4
1576,109,4.9
1577,100,7.4
1579,102,6.9
1580,97,8.3
1581,105,6.0
1583,108,5.2
1584,106,5.7
1585,105,6.0
1586,106,5.7
1587,105,6.0
1588,106,5.7
1589,105,6.0
1590,102,6.9
1591,94,9.3
1592,98,8.0
1593,113,3.8
1594,93,9.6
1595,111,4.3
1596,104,6.3
1597,114,3.5
1598,110,4.6
1599,103,6.6
1600,101,7.2
1601,93,9.6
1602,107,5.4
1603,99,7.7
1604,95,8.9
1605,105,6.0
1606,106,5.7
1607,110,4.6
1609,108,5.2
1610,110,4.6
1612,87,11.5
1613,106,5.7
1614,103,6.6
1615,110,4.6
1616,122,1.5
1617,107,5.4
1618,102,6.9
1619,93,9.6
1621,109,4.9
1622,106,5.7
1623,113,3.8
1624,112,4.1
1625,95,8.9
1626,100,7.4
1628,104,6.3
1629,112,4.1
1632,104,6.3
1633,98,8.0
1634,96,8.6
1635,97,8.3
1637,105,6.0
1638,105,6.0
1639,108,5.2
1640,103,6.6
1641,117,2.7
1642,114,3.5
1643,114,3.5
1644,105,6.0
1645,99,7.7
1646,87,11.5
1647,112,4.1
1649,104,6.3
1650,102,6.9
1651,107,5.4
1652,107,5.4
1653,112,4.1
1654,104,6.3
1655,104,6.3
1656,103,6.6
1658,108,5.2
1660,111,4.3
1662,110,4.6
1663,105,6.0
1664,105,6.0
1665,112,4.1
1666,108,5.2
1668,110,4.6
1670,102,6.9
1671,116,3.0
1672,112,4.1
1674,115,3.2
1675,111,4.3
1676,103,6.6
1677,105,6.0
1678,109,4.9
1679,110,4.6
1680,109,4.9
1681,110,4.6
1682,104,6.3
1683,104,6.3
1684,118,2.5
1685,106,5.7
1686,104,6.3
1687,104,6.3
1688,114,3.5
1689,97,8.3
1690,93,9.6
1691,103,6.6
1692,109,4.9
1693,107,5.4
1694,109,4.9
1695,120,2.0
1696,114,3.5
1697,111,4.3
1698,101,7.2
1699,97,8.3
1700,116,3.0
1701,112,4.1
1702,116,3.0
1703,103,6.6
1704,113,3.8
1705,109,4.9
1706,115,3.2
1707,111,4.3
1708,103,6.6
1709,106,5.7
1713,104,6.3
1714,108,5.2
1715,107,5.4
1716,110,4.6
1717,98,8.0
1718,102,6.9
1719,102,6.9
1720,114,3.5
1721,95,8.9
1722,100,7.4
1723,104,6.3
1724,99,7.7
1725,106,5.7
1726,116,3.0
1727,112,4.1
1728,104,6.3
1729,105,6.0
1731,104,6.3
1732,108,5.2
1733,107,5.4
1734,102,6.9
1735,101,7.2
1736,106,5.7
1737,93,9.6
1738,101,7.2
1739,110,4.6
1740,115,3.2
1741,109,4.9
1742,109,4.9
1743,108,5.2
1744,98,8.0
1745,105,6.0
1746,110,4.6
1747,101,7.2
1748,96,8.6
1749,100,7.4
1750,110,4.6
1751,103,6.6
1752,110,4.6
1753,96,8.6
1754,115,3.2
1755,120,2.0
1756,109,4.9
1757,112,4.1
1758,101,7.2
1759,109,4.9
1760,103,6.6
1761,89,10.8
1762,106,5.7
1763,112,4.1
1764,98,8.0
1765,106,5.7
1766,113,3.8
1767,101,7.2
1768,117,2.7
1770,105,6.0
1771,104,6.3
1772,106,5.7
1773,100,7.4
1774,110,4.6
1775,99,7.7
1776,108,5.2
1777,104,6.3
1778,111,4.3
1779,96,8.6
1780,109,4.9
1781,91,10.2
1782,109,4.9
1783,103,6.6
1784,105,6.0
1785,108,5.2
1786,106,5.7
1787,105,6.0
1788,109,4.9
1789,106,5.7
1790,119,2.2
1791,99,7.7
1792,101,7.2
1793,106,5.7
1794,104,6.3
1795,113,3.8
1796,103,6.6
1797,97,8.3
1798,110,4.6
1799,103,6.6
1800,103,6.6
1801,105,6.0
1802,96,8.6
1803,110,4.6
1804,104,6.3
1805,93,9.6
1806,114,3.5
1807,116,3.0
1808,98,8.0
1809,107,5.4
1810,100,7.4
1811,110,4.6
1812,120,2.0
1813,107,5.4
1814,113,3.8
1815,111,4.3
1816,103,6.6
1817,110,4.6
1818,106,5.7
1819,106,5.7
1820,95,8.9
1821,109,4.9
1822,102,6.9
1823,106,5.7
1824,108,5.2
1825,114,3.5
1826,109,4.9
1827,100,7.4
1828,113,3.8
1829,112,4.1
1830,105,6.0
1831,114,3.5
1832,113,3.8
1833,107,5.4
1834,111,4.3
1835,112,4.1
1836,112,4.1
1837,111,4.3
1838,109,4.9
1839,120,2.0
1840,105,6.0
1841,107,5.4
1842,96,8.6
1843,106,5.7
1844,106,5.7
1845,102,6.9
1846,98,8.0
1847,107,5.4
1848,102,6.9
1849,100,7.4
1850,109,4.9
1851,102,6.9
1852,113,3.8
1853,102,6.9
1854,102,6.9
1855,101,7.2
1856,113,3.8
1857,108,5.2
1859,110,4.6
1860,115,3.2
1861,102,6.9
1862,117,2.7
1863,118,2.5
1864,105,6.0
1865,96,8.6
1866,102,6.9
1867,101,7.2
1869,113,3.8
1870,104,6.3
1877,104,6.3
1879,102,6.9
1880,110,4.6
1881,112,4.7
1882,97,5.5
1883,107,5.6
1884,109,5.7
1885,113,3.7
1886,108,7.1
1887,109,5.3
1888,107,7.5
1889,109,6.6
1890,98,8.6
1891,99,7.8
1892,115,4.7
1893,109,5.0
1894,98,7.5
1896,106,4.6
1897,106,6.2
1898,108,5.4
1899,99,7.1
1900,102,5.2
1901,102,5.2
1902,98,7.8
1903,99,8.5
1904,108,6.3
1905,105,6.4
1906,105,6.6
1907,103,5.4
1908,102,6.2
1909,108,5.6
1910,104,4.7
1911,98,7.7
1912,105,7.0
1913,103,4.6
1914,102,9.0
1915,102,5.6
1916,112,4.9
1917,103,6.1
1918,104,6.5
1920,104,7.2
1922,101,5.8
1923,97,8.1
1924,111,4.0
1925,108,5.3
1926,108,5.4
1927,107,6.1
1928,107,6.4
1929,103,5.9
1930,95,8.3
1931,105,6.7
1932,105,5.8
1933,106,5.2
1934,104,5.5
1935,102,6.8
1936,111,4.5
1937,100,7.3
1938,98,9.0
1939,104,6.8
1940,110,6.3
1941,100,7.7
1946,97,6.1
1947,107,5.4
1948,102,6.4
1949,107,5.5
1950,99,6.8
1951,98,7.4
1952,105,6.8
1953,101,8.6
1954,98,7.6
1955,97,8.9
1956,99,8.3
1957,103,5.2
1958,99,7.5
1959,92,9.0
1960,95,8.9
1961,99,8.0
1962,102,7.3
1963,101,7.0
1964,99,6.6
1965,110,5.5
1966,97,8.5
1967,97,7.7
1968,99,8.0
1969,101,6.9
1970,107,5.0
1971,98,7.4
1972,99,8.8
1973,97,7.8
1974,99,7.0
1975,100,7.4
1976,99,7.9
1977,93,8.7
1978,104,7.6
1979,97,8.0
1980,102,7.3
1981,99,8.3
1982,93,8.6
1983,99,7.8
1984,109,5.1
1985,99,8.5
1986,102,7.6
1987,95,8.2
1988,106,7.3
1989,93,8.2
1990,88,9.3
1991,97,9.4
1992,94,9.7
1993,97,7.6
1994,99,7.1
1995,99,8.6
1996,103,7.7
1997,97,9.3
1998,91,9.7
1999,94,9.9
2000,100,7.5
2001,96,8.6
2002,91,10.3
2003,98,7.3
2004,92,9.1
2005,99,7.7
