Year,Full_DOY,DegreeDay_Prediction,FebMar_Temp,Linear_Prediction
1955,97.0,87,7.391525423728814,96.0229907556846
1959,92.0,83,8.27457627118644,91.9912034317609
1960,95.0,88,7.22,96.80613255449666
1966,96.0,87,7.179661016949153,96.99031017121332
1972,97.0,87,7.388333333333334,96.03756503487857
1973,98.0,88,7.366101694915255,96.13906908554806
1976,99.0,86,7.3149999999999995,96.37238652857359
1979,99.0,86,7.737288135593221,94.44432546954174
1985,98.0,88,7.076271186440678,97.46236204599134
1987,96.0,90,6.838983050847458,98.54575979138352
1989,92.0,87,7.433898305084746,95.82952687257887
1990,88.0,81,8.632203389830508,90.35836825834842
1991,96.0,89,7.010169491525424,97.76416570363631
1992,93.0,87,7.466666666666667,95.6799148029771
1993,96.0,90,6.862711864406779,98.4374200168443
1995,96.0,90,6.823728813559322,98.61540678930159
1997,94.0,88,7.110169491525424,97.30759093950675
1998,91.0,83,8.408474576271187,91.37985756114674
1999,92.0,86,7.4271186440677965,95.86048109387579
2001,93.0,88,7.006779661016949,97.77964281428477
2002,87.0,82,8.294915254237289,91.89834076787014
2004,93.0,85,7.788333333333333,94.21126597836034
2007,93.0,85,7.988135593220339,93.29901928155573
2008,91.0,90,6.668333333333334,99.32490333661138
2009,95.0,82,7.816949152542373,94.08061336930294
2010,91.0,82,7.7,94.61457368667479
2013,89.0,88,7.22542372881356,96.78136917745913
2014,92.0,89,7.133898305084745,97.19925116496754
2015,91.0,87,7.6169491525423725,94.99376289756205
2016,92.0,81,8.223333333333333,92.22516575439678
2018,87.0,86,7.861016949152543,93.87941093087296
2019,96.0,82,8.328813559322034,91.74356966138555
2020,89.0,80,8.803333333333335,89.57703212244535
2021,85.0,78,9.740677966101696,85.29735307630214
2022,89.0,87,7.635593220338983,94.90863878899552
2023,83.0,80,9.31186440677966,87.25520757333229
2024,95.0,84,8.168333333333333,92.47628187466803
