station,bloom_stage,n_observations,start_year,end_year,max_observation_gap_years,detrending_method,residual_sd_days,peak1_period_years,peak1_variance_reduction,peak2_period_years,peak2_variance_reduction,peak3_period_years,peak3_variance_reduction
Kyoto,First bloom,73,1953,2025,1,linear,4.658181741104629,6.09041652556722,0.11531518074287661,3.9136111413339134,0.07307377395351211,10.268341421638596,0.06787242037710406
Kyoto,First bloom,73,1953,2025,1,quadratic,4.588614982612175,6.09041652556722,0.1188685738612707,10.138105975197295,0.07705652752886816,3.917447179263777,0.07676725229781822
Kyoto,First bloom,73,1953,2025,1,smoothing_spline_s25,4.4712729126348565,6.09041652556722,0.10894805280951458,10.189801699716714,0.0892992909600604,3.90596155934412,0.08582033471626682
Kyoto,Full bloom,73,1953,2025,1,linear,3.818089028719536,4.519979894445841,0.10057464534351013,6.806054872280038,0.08791813383248093,7.817865681373615,0.06520164004183615
Kyoto,Full bloom,73,1953,2025,1,quadratic,3.7414370258488243,4.519979894445841,0.10550583634347621,6.806054872280038,0.0872371639213998,7.817865681373615,0.07119498254828205
Kyoto,Full bloom,73,1953,2025,1,smoothing_spline_s25,3.7234796226033566,4.519979894445841,0.10229294090819574,6.806054872280038,0.083708034046582,7.817865681373615,0.07394778234535548
Wakkanai,First bloom,66,1953,2025,8,linear,5.716351172182925,30.0,0.13213260658162462,6.714579055441479,0.11371152101560889,28.914790996784568,0.1124820243346707
Wakkanai,First bloom,66,1953,2025,8,quadratic,5.494458434144906,6.669757092527351,0.11931411724508634,30.0,0.09056142757154295,4.287246722288439,0.08289090123923304
Wakkanai,First bloom,66,1953,2025,8,smoothing_spline_s25,5.035815710505433,6.725878833208677,0.14779513284400203,4.0483961733258305,0.10044618382433723,5.257234726688104,0.05215697672663433
Wakkanai,Full bloom,64,1953,2025,9,linear,5.7142444759725075,6.603635028456032,0.13447088282032127,30.0,0.11888920845428408,28.914790996784568,0.10494953143745045
Wakkanai,Full bloom,64,1953,2025,9,quadratic,5.580536421883582,6.571063207891853,0.14826130835988505,4.27349411904479,0.10653217926261971,30.0,0.0892686934728032
Wakkanai,Full bloom,64,1953,2025,9,smoothing_spline_s25,5.041932854800898,6.603635028456032,0.1674868395584469,4.26892950391645,0.10740626202828907,3.2673267326732676,0.07231775446045552
Kagoshima,First bloom,73,1953,2025,1,linear,4.292897031589265,7.802603036876357,0.13930508812334375,4.110857142857143,0.1063763691062578,6.127768313458263,0.06113391218380304
Kagoshima,First bloom,73,1953,2025,1,quadratic,4.292555756159201,7.802603036876357,0.13856849400441407,4.110857142857143,0.10609664584583545,5.299057159693577,0.06140584865289245
Kagoshima,First bloom,73,1953,2025,1,smoothing_spline_s25,4.271514723554889,7.787399870101755,0.1384357308683708,4.106633177303346,0.10913654626300717,6.127768313458263,0.06682115961167512
Kagoshima,Full bloom,73,1953,2025,1,linear,4.588386708913683,4.153579676674365,0.13572916346864128,5.1555109645979655,0.10129266239233514,7.942150585118128,0.09821060663783032
Kagoshima,Full bloom,73,1953,2025,1,quadratic,4.491785546993796,4.149267504902527,0.1323094384002964,5.1555109645979655,0.10035665466676269,7.973841720239416,0.09486038197719249
Kagoshima,Full bloom,73,1953,2025,1,smoothing_spline_s25,4.483946603925782,4.149267504902527,0.13278475459069738,5.1555109645979655,0.10093975593845561,7.957964601769913,0.0932276229529212
Osaka,First bloom,73,1953,2025,1,linear,4.379338026089358,3.9251418594500223,0.09895410088417578,6.118387480864094,0.08754217842415779,10.594992636229751,0.05968647692919593
Osaka,First bloom,73,1953,2025,1,quadratic,4.339864116337461,3.9251418594500223,0.10264361867014737,6.109035326086958,0.0890746996400349,10.48382395802973,0.06003356365543189
Osaka,First bloom,73,1953,2025,1,smoothing_spline_s25,4.284292099893545,3.921290744576474,0.10808971757548935,6.109035326086958,0.08155968962947069,10.45639534883721,0.06567048417517629
Osaka,Full bloom,65,1957,2025,3,linear,3.7876354461046042,4.535367545076284,0.17103285647402466,7.879518072289157,0.10930150952718887,10.539115147963669,0.053210968296126815
Osaka,Full bloom,65,1957,2025,3,quadratic,3.7706079135784294,4.535367545076284,0.17759275599199098,7.864013992129427,0.10468834509365454,6.817664897649736,0.05073837888098909
Osaka,Full bloom,65,1957,2025,3,smoothing_spline_s25,3.7627930566263244,4.535367545076284,0.17690721184902314,7.864013992129427,0.10275406246847485,6.817664897649736,0.050994312378994544
