station,bloom_stage,representation,n_observations,start_year,end_year,minimum_return_lag_years,return_distance_threshold_scaled,endpoint_distance_scaled,endpoint_distance_over_path_length,path_length_scaled,closest_return_distance_scaled,closest_return_year_1,closest_return_year_2,closest_return_lag_years,closest_return_direction_cosine,close_return_pair_count,aligned_close_return_pair_count,early_late_min_distance_scaled,early_years_with_close_late_match,early_years_with_aligned_close_late_match,early_late_match_direction_cosine,early_late_year_1,early_late_year_2,detrended_bloom_temperature_correlation
Kyoto,First bloom,Observed finite difference,73,1953,2025,8,0.1,0.4881406047441659,0.01904193167641766,25.635036037268215,0.0,1963,1974,11.0,0.10360608425945593,74,47,0.0,14,6,0.1055577477049404,1966,2006,
Kyoto,First bloom,Spline s/n=25,73,1953,2025,8,0.1,0.7766969826211132,0.33618591822138294,2.3103197978377183,0.20855495169937457,1973,1981,8.0,0.8390247638295787,0,0,0.639826957736593,0,0,0.3708111403577754,1977,2001,
Kyoto,First bloom,Gaussian kernel h=7 y,73,1953,2025,8,0.1,0.8873861768728534,0.3816968932839099,2.3248451650687314,0.08699653673495852,2010,2018,8.0,0.89192706267924,12,8,0.6576675862687419,0,0,-0.5219725045323483,1977,2001,
Kyoto,First bloom,Bloom vs detrended Feb-Mar temperature,72,1953,2024,8,0.1,0.21377645674544554,0.008527057820711767,25.070365563394443,0.0023304750359973117,1956,1987,31.0,0.0006103140671695697,166,68,0.005256203412661156,20,14,-0.9829820560785583,1956,2018,-0.7844278725394414
Kyoto,Full bloom,Observed finite difference,73,1953,2025,8,0.1,0.5099322152968283,0.021605241613015514,23.602245437960434,0.0,1961,2019,58.0,0.5968254287736637,125,67,0.0,16,10,0.5968254287736637,1961,2019,
Kyoto,Full bloom,Spline s/n=25,73,1953,2025,8,0.1,1.1600531987169298,0.6180177585814227,1.8770547975509266,0.18100532732832664,1983,1991,8.0,0.938010496010868,0,0,0.5268559619600994,0,0,0.5130798604547858,1977,2001,
Kyoto,Full bloom,Gaussian kernel h=7 y,73,1953,2025,8,0.1,0.9348896175830352,0.33031237769485555,2.8303196631846825,0.06529133054519105,1960,1968,8.0,-0.9474524344426474,17,0,0.528620744821692,0,0,-0.6341538099484474,1977,2001,
Kyoto,Full bloom,Bloom vs detrended Feb-Mar temperature,72,1953,2024,8,0.1,0.17842908332852714,0.006891357936200168,25.89171611464885,0.006429797441593805,1985,2009,24.0,0.5185874659855155,129,53,0.007712136974127174,16,12,0.6883783506674372,1975,2006,-0.6534389167647273
Wakkanai,First bloom,Observed finite difference,66,1953,2025,8,0.1,0.6965591196031712,0.03327533982174803,20.933193269687223,0.0,1961,1981,20.0,0.7038874830984948,66,46,0.0,7,4,-0.7121396295612898,1962,2020,
Wakkanai,First bloom,Spline s/n=25,66,1953,2025,8,0.1,1.0977419756413032,0.2870728733333754,3.8239139870471295,0.014517450420558997,1963,2006,43.0,0.22997624312176987,157,81,0.014517450420558997,9,6,0.22997624312176987,1963,2006,
Wakkanai,First bloom,Gaussian kernel h=7 y,66,1953,2025,8,0.1,0.8613705156803694,0.28999977503905283,2.9702454616193164,0.03616994826896223,1998,2006,8.0,-0.8232022023828578,20,0,0.16437106386733016,0,0,0.9612394083033263,1959,2001,
Wakkanai,First bloom,Bloom vs detrended Feb-Mar temperature,63,1953,2024,8,0.1,0.4333722040939558,0.02086125000127681,20.774028596916835,0.0032160030826393934,1954,2020,66.0,0.6804016635575992,97,27,0.0032160030826393934,12,7,0.6804016635575992,1954,2020,-0.48607601687744617
Wakkanai,Full bloom,Observed finite difference,64,1953,2025,8,0.1,0.8329931278350429,0.0411433828382814,20.246102055079284,0.0,1978,1992,14.0,-1.0,63,35,0.03968253968253979,8,3,-0.6411251354274338,1963,2018,
Wakkanai,Full bloom,Spline s/n=25,64,1953,2025,8,0.1,1.408715612350693,0.36178819351626196,3.893757832888963,0.006945465325353691,1959,1984,25.0,0.9168089321744058,169,70,0.012949146759492448,6,4,-0.9933128542834619,1963,2010,
Wakkanai,Full bloom,Gaussian kernel h=7 y,64,1953,2025,8,0.1,1.022484864485091,0.3554871916587255,2.8762917159240327,0.010380187751527305,1958,1977,19.0,-0.8066902615654153,41,0,0.3015123959449134,0,0,0.8127211299805505,1962,2001,
Wakkanai,Full bloom,Bloom vs detrended Feb-Mar temperature,63,1953,2024,8,0.1,0.5466354202344638,0.02618998118517869,20.871928710808433,0.009618352349871512,1957,2014,57.0,-0.8471362441060432,95,32,0.009618352349871512,13,9,-0.8471362441060432,1957,2014,-0.47435450107144495
Kagoshima,First bloom,Observed finite difference,73,1953,2025,8,0.1,0.5705705884903877,0.020806037931927108,27.423317709848085,0.0,1954,1970,16.0,1.0,86,71,0.0,15,12,-0.6353491463768554,1974,2011,
Kagoshima,First bloom,Spline s/n=25,73,1953,2025,8,0.1,1.003492515767586,0.4620449602053241,2.1718503656476478,0.01921650570108974,1986,1994,8.0,-0.6586421308088108,140,13,0.08955079565893738,1,0,-0.7863740400906882,1977,2001,
Kagoshima,First bloom,Gaussian kernel h=7 y,73,1953,2025,8,0.1,0.9974624624849179,0.2767177829907945,3.6046200273225666,0.023485882424683784,1975,2003,28.0,-0.10877259026450149,10,3,0.023485882424683784,5,1,-0.10877259026450149,1975,2003,
Kagoshima,First bloom,Bloom vs detrended Feb-Mar temperature,72,1953,2024,8,0.1,0.23757476883143672,0.009545242141877441,24.88933913882969,0.002955704693365443,1981,2014,33.0,-0.9081731080922576,124,40,0.012642476856359195,18,7,-0.3479404373454643,1976,2010,-0.27913661591304556
Kagoshima,Full bloom,Observed finite difference,73,1953,2025,8,0.1,0.2597736143327196,0.01126987344828824,23.05026897814688,0.0,1955,1971,16.0,0.800172977114997,135,107,0.0,21,19,0.9956146115637406,1972,2002,
Kagoshima,Full bloom,Spline s/n=25,73,1953,2025,8,0.1,0.9715270779728569,0.44168554745190924,2.199589919972731,0.14467248914746578,1979,1987,8.0,0.7576502557733896,0,0,0.462983118781832,0,0,0.06658967620437277,1977,2001,
Kagoshima,Full bloom,Gaussian kernel h=7 y,73,1953,2025,8,0.1,0.8629794758038217,0.2534450159979694,3.404996829019261,0.015923167751082313,1999,2010,11.0,-0.9591591787835372,15,0,0.24727570801367166,0,0,0.9086793499533904,1960,2005,
Kagoshima,Full bloom,Bloom vs detrended Feb-Mar temperature,72,1953,2024,8,0.1,0.1504331410072865,0.0061073966762568,24.63130348027212,0.012701782875034123,1981,2006,25.0,0.9857859516726515,125,45,0.021546965401246496,18,12,-0.7216813233140592,1965,2011,-0.1761293476480165
Osaka,First bloom,Observed finite difference,73,1953,2025,8,0.1,0.2793801350694814,0.010992069967868804,25.416517169754602,0.0,1953,1986,33.0,0.17666406279377378,97,57,0.030303030303030276,16,9,-0.20613269886188854,1967,2024,
Osaka,First bloom,Spline s/n=25,73,1953,2025,8,0.1,0.8785779674105546,0.3947666770698043,2.2255626384979825,0.2074013456910444,1975,1983,8.0,0.8789145174301962,0,0,0.6110475532177427,0,0,0.3746294100371235,1977,2001,
Osaka,First bloom,Gaussian kernel h=7 y,73,1953,2025,8,0.1,0.8971916695442392,0.3570908940328144,2.5125022355282827,0.09800726525825472,1956,1964,8.0,-0.8683907544166763,1,0,0.5630154398239987,0,0,-0.17366926568916616,1977,2001,
Osaka,First bloom,Bloom vs detrended Feb-Mar temperature,64,1957,2024,8,0.1,0.2627464430528544,0.011476157931427249,22.89498320107011,0.0029284522903860826,1974,1994,20.0,0.7037602642037825,141,58,0.01605990701399817,16,12,-0.38185395102716835,1975,2014,-0.7785293604647521
Osaka,Full bloom,Observed finite difference,65,1957,2025,8,0.1,0.302708858577387,0.014358869309568279,21.08166402598788,0.0,1975,1986,11.0,-0.9621785545190572,91,63,0.033333333333333326,11,9,0.3196921967458517,1968,2019,
Osaka,Full bloom,Spline s/n=25,65,1957,2025,8,0.1,1.1811268277355953,0.6273013512235698,1.8828698924875145,0.17797322343562105,1997,2005,8.0,0.92910888481655,0,0,0.5363154901152104,0,0,0.4316292228166275,1979,2003,
Osaka,Full bloom,Gaussian kernel h=7 y,65,1957,2025,8,0.1,1.0082647931729658,0.32624965329391287,3.090470083242163,0.0439412393391852,1970,1978,8.0,-0.6687775393640264,40,15,0.5618917223056282,0,0,-0.891417210235961,1979,2003,
Osaka,Full bloom,Bloom vs detrended Feb-Mar temperature,64,1957,2024,8,0.1,0.34958668211665356,0.015158701896327327,23.061782236205328,0.002794633348275118,1974,2006,32.0,-0.9925218710669401,104,49,0.002794633348275118,13,7,-0.9925218710669401,1974,2006,-0.5890441786087574
