station,bloom_stage,n_observations,start_year,end_year,method,spline_s_per_observation,kernel_bandwidth_years,fit_rmse_days,phase_path_length_scaled,endpoint_distance_scaled,closure_distance_scaled_0_to_1,state_direction_reversals,hausdorff_distance_to_spline_s25_scaled
Kyoto,First bloom,73,1953,2025,Spline,0.0,,1.0779122675647676e-14,61.56177835349824,1.1439521300914621,0.8088963085404685,48,1.7183211029473733
Kyoto,First bloom,73,1953,2025,Spline,5.0,,2.2360060012035023,36.17993154046658,0.5407122920197185,0.3823413283580636,34,1.4480936277591776
Kyoto,First bloom,73,1953,2025,Spline,25.0,,4.440542150453842,0.5448582509681545,0.2605619750475163,0.18424513947545876,2,0.0
Kyoto,First bloom,73,1953,2025,Spline,100.0,,4.440542150453842,0.5448582509681545,0.2605619750475163,0.18424513947545876,2,0.0
Kyoto,First bloom,73,1953,2025,Gaussian,,3.0,,0.9470968810010241,0.33953414695439,0.2400868977558389,7,0.04464086155172827
Kyoto,First bloom,73,1953,2025,Gaussian,,7.0,,0.4436435741858986,0.32836997754892283,0.2321926378629177,1,0.04322921341927121
Kyoto,First bloom,73,1953,2025,Gaussian,,12.0,,0.3453678412379804,0.32356129108938125,0.22879238305877592,1,0.03859708016807623
Kyoto,Full bloom,73,1953,2025,Spline,0.0,,1.1523366852079891e-14,60.3013913199678,0.7456469260173016,0.5272519977577379,50,1.6434723423290576
Kyoto,Full bloom,73,1953,2025,Spline,5.0,,2.235507381444943,24.643275441882615,0.2748929746888593,0.1943786865030344,32,1.1235283553063697
Kyoto,Full bloom,73,1953,2025,Spline,25.0,,3.697888394108953,0.38314371347462584,0.28822314084699935,0.20380453738779863,1,0.0
Kyoto,Full bloom,73,1953,2025,Spline,100.0,,3.697888394108953,0.38314371347462584,0.28822314084699935,0.20380453738779863,1,0.0
Kyoto,Full bloom,73,1953,2025,Gaussian,,3.0,,0.7885130085256093,0.32673465653510925,0.23103629128463324,7,0.040039786887394714
Kyoto,Full bloom,73,1953,2025,Gaussian,,7.0,,0.3532303069238675,0.28863327410589157,0.20409454539635144,2,0.02108469636401883
Kyoto,Full bloom,73,1953,2025,Gaussian,,12.0,,0.2663634103990708,0.25778968747874687,0.1822848361361827,1,0.055440610983559534
Wakkanai,First bloom,66,1953,2025,Spline,0.0,,1.7316545945645385e-14,49.54589014100822,1.240610718068584,0.8772442515590078,43,1.1694192784048376
Wakkanai,First bloom,66,1953,2025,Spline,5.0,,2.237177068604784,28.791127775244618,0.5589432894154178,0.3952325902443569,32,0.7333995538795675
Wakkanai,First bloom,66,1953,2025,Spline,25.0,,4.9975199782238455,1.3305713311663891,0.6195351569279272,0.4380775106472091,6,0.0
Wakkanai,First bloom,66,1953,2025,Spline,100.0,,5.4190042952455935,0.41515927240620565,0.4038798074055271,0.285586150600765,2,0.15982739103963323
Wakkanai,First bloom,66,1953,2025,Gaussian,,3.0,,1.1975390299329098,0.4461923294537016,0.3155056218701345,6,0.08403336071556204
Wakkanai,First bloom,66,1953,2025,Gaussian,,7.0,,0.4829693417762543,0.28737008175677736,0.20320133352034983,2,0.1722069971303587
Wakkanai,First bloom,66,1953,2025,Gaussian,,12.0,,0.25237157392680076,0.21166224607962292,0.1496678095240771,1,0.24914908110184544
Wakkanai,Full bloom,64,1953,2025,Spline,0.0,,2.0253584144909416e-14,48.453369298257506,1.1036539637745062,0.7804012018683656,43,0.9919793699470933
Wakkanai,Full bloom,64,1953,2025,Spline,5.0,,2.2361885196571767,26.5240157153497,0.7847778550734038,0.5549217430474375,30,0.751278082401836
Wakkanai,Full bloom,64,1953,2025,Spline,25.0,,5.002387672833416,1.3884489567193867,0.7397136888192244,0.5230565655005892,7,0.0
Wakkanai,Full bloom,64,1953,2025,Spline,100.0,,5.4393695813041925,0.5704846961386993,0.5677566036664086,0.40146454451596053,0,0.18410347221730597
Wakkanai,Full bloom,64,1953,2025,Gaussian,,3.0,,1.2211924114370698,0.5725995705124225,0.4048890392138386,6,0.1554217079460349
Wakkanai,Full bloom,64,1953,2025,Gaussian,,7.0,,0.4744224606768208,0.39374246347199704,0.2784179659621456,2,0.24131940124721732
Wakkanai,Full bloom,64,1953,2025,Gaussian,,12.0,,0.2984587515193554,0.298289735979072,0.21092269506914668,0,0.25943367187527355
Kagoshima,First bloom,73,1953,2025,Spline,0.0,,8.642525139059917e-15,60.186416961282966,1.482891668862385,1.0485627548176286,43,1.7545868405057026
Kagoshima,First bloom,73,1953,2025,Spline,5.0,,2.2355087820876034,27.63930019593022,1.3369824741349465,0.9453893737883885,29,0.9854166557297617
Kagoshima,First bloom,73,1953,2025,Spline,25.0,,4.242156886158891,0.3064327739988717,0.30454226181850585,0.21534389848975447,0,0.0
Kagoshima,First bloom,73,1953,2025,Spline,100.0,,4.242156886158891,0.3064327739988717,0.30454226181850585,0.21534389848975447,0,0.0
Kagoshima,First bloom,73,1953,2025,Gaussian,,3.0,,0.9702931943866003,0.22541344147437983,0.15939137303713094,11,0.05051568865364198
Kagoshima,First bloom,73,1953,2025,Gaussian,,7.0,,0.3368037857228505,0.2005691862525267,0.14182383169622928,3,0.05481900351954316
Kagoshima,First bloom,73,1953,2025,Gaussian,,12.0,,0.1747039109824251,0.17308912701764317,0.12239249546383514,0,0.07296068575096533
Kagoshima,Full bloom,73,1953,2025,Spline,0.0,,9.979528431028703e-15,49.39499742955843,1.2363309086036005,0.8742179692641315,47,1.2497125739876043
Kagoshima,Full bloom,73,1953,2025,Spline,5.0,,2.235914711751703,26.98167603827794,0.8227803947863328,0.5817935965807606,26,1.0952139366727498
Kagoshima,Full bloom,73,1953,2025,Spline,25.0,,4.4531287363050795,0.2822149985268008,0.043314639058534034,0.030628075002937107,1,0.0
Kagoshima,Full bloom,73,1953,2025,Spline,100.0,,4.4531287363050795,0.2822149985268008,0.043314639058534034,0.030628075002937107,1,0.0
Kagoshima,Full bloom,73,1953,2025,Gaussian,,3.0,,0.7477484106593197,0.06356018282209096,0.04494383628695722,11,0.0719678155910498
Kagoshima,Full bloom,73,1953,2025,Gaussian,,7.0,,0.258271241950236,0.07210698022534194,0.05098733468822357,3,0.020055753827769
Kagoshima,Full bloom,73,1953,2025,Gaussian,,12.0,,0.14258235736510377,0.06035173301453777,0.04267511967093969,1,0.043957658534745564
Osaka,First bloom,73,1953,2025,Spline,0.0,,9.554671042491957e-15,60.370619682505264,1.5570387190115356,1.100992636783072,48,1.5250992111430024
Osaka,First bloom,73,1953,2025,Spline,5.0,,2.2361780843779373,27.441004106824717,0.6833691434747797,0.4832149554046594,34,0.9307517157614105
Osaka,First bloom,73,1953,2025,Spline,25.0,,4.254846444437402,0.4374983922095377,0.2629962560776129,0.18596643609915384,2,0.0
Osaka,First bloom,73,1953,2025,Spline,100.0,,4.254846444437402,0.4374983922095377,0.2629962560776129,0.18596643609915384,2,0.0
Osaka,First bloom,73,1953,2025,Gaussian,,3.0,,0.8914270084773097,0.29771115269040965,0.2105135749022523,9,0.04904284352159392
Osaka,First bloom,73,1953,2025,Gaussian,,7.0,,0.41199665865724333,0.3041168295097274,0.2150430724192814,1,0.02757909989427301
Osaka,First bloom,73,1953,2025,Gaussian,,12.0,,0.30781428738293437,0.2937664575797392,0.20772425423978383,1,0.024545262397215946
Osaka,Full bloom,65,1957,2025,Spline,0.0,,1.128640029906636e-14,50.1825844552216,0.28578034036609423,0.20207721660266487,46,1.41065224101583
Osaka,Full bloom,65,1957,2025,Spline,5.0,,2.2356911406846924,18.122344686688713,0.347143909534204,0.245467812479245,26,0.6916968931514933
Osaka,Full bloom,65,1957,2025,Spline,25.0,,3.7337363047421004,0.3438797351450421,0.3173532133958233,0.22440260922352812,1,0.0
Osaka,Full bloom,65,1957,2025,Spline,100.0,,3.7337363047421004,0.3438797351450421,0.3173532133958233,0.22440260922352812,1,0.0
Osaka,Full bloom,65,1957,2025,Gaussian,,3.0,,0.8491996890031305,0.29998879408597356,0.21212411057816677,9,0.03618141741644259
Osaka,Full bloom,65,1957,2025,Gaussian,,7.0,,0.3116798080569545,0.30856953110791424,0.21819160791395947,0,0.017204486864508265
Osaka,Full bloom,65,1957,2025,Gaussian,,12.0,,0.26522352250642767,0.26482994394773884,0.1872630492266994,0,0.050428014564321055
