Site Name,Species,Latitude,n,Bloom_Temp_Slope,Bloom_Temp_R2,Duration_Temp_Slope,Duration_Temp_R2
Matsue,Not stated,35.4567,66,-4.157587521618533,0.5652000378826724,1.32339658394114,0.25333867409785815
Fukui,Not stated,36.055,72,-3.4098308892611486,0.7724775950329924,0.4610462412874051,0.09559578653722789
Kyoto,Not stated,35.0117,72,-3.3026527548797757,0.701966937224138,1.4069212057987266,0.3963517448178303
Akita,Not stated,39.7167,72,-3.261848529456289,0.6278408139510625,-0.10667928078425049,0.010128595901715776
Aomori,Not stated,40.8217,69,-3.239523760229826,0.5603115808789079,-0.13828622905349847,0.014727128587318394
Fukuoka,Not stated,33.5817,71,-3.070723685325813,0.5201803860167636,1.5546456469655487,0.3441469122959433
Nagano,Not stated,36.6617,72,-3.025239104717241,0.6030118246188673,0.2339125866576976,0.020873779959342142
Wakkanai,Sargent cherry (Prunus sargentii),45.415,63,-2.967936968141964,0.33934380314568124,-0.22230505099603404,0.022579093113258675
Osaka,Not stated,34.6817,64,-2.9435131838804605,0.6673690248052365,1.1963645455261098,0.31185058292657875
Nara,Not stated,34.6733,71,-2.882895750475092,0.6563553227273139,0.9991240461530362,0.26623015731693167
Yamagata,Not stated,38.255,72,-2.8136942131323677,0.6066365440221916,-0.06653181513420882,0.003247270561555715
Kobe,Not stated,34.6967,72,-2.691364229404797,0.555099758488183,1.0215354789150521,0.19206951300150954
Iwamizawa,Sargent cherry (Prunus sargentii),43.2117,52,-2.5723919526875965,0.233620357102147,0.019139947504142378,0.0002996585406734864
Shizuoka,Not stated,34.975,72,-2.563368924692136,0.41449033125714285,0.8955845762216982,0.20178608126403308
Urakawa,Sargent cherry (Prunus sargentii),42.1617,57,-2.5107382560117077,0.23845436972326073,-0.16812980386880128,0.020318865947863696
Kochi,Not stated,33.5667,68,-2.472475213612354,0.40999727451793566,0.5699201114353409,0.1120723381440577
Asahikawa,Sargent cherry (Prunus sargentii),43.7567,72,-2.280678599187203,0.3068810524178328,-0.13510837393665984,0.01972667467113809
Oita,Not stated,33.235,72,-2.040154498837924,0.3286381899312787,1.2784135494131772,0.27218835138432995
Kagoshima,Not stated,31.555,72,-1.056967102865257,0.06750157669325263,1.0613938478332445,0.14259246612887533
