Site Name,Latitude,Duration_Temp_Slope,n
Aomori,40.8217,-0.21127328287058422,69
Matsue,35.4567,1.0846353081241,66
Akita,39.7167,-0.09685910906242481,72
Yamagata,38.255,-0.09325388112834379,72
Fukui,36.055,0.4708133775581207,72
Wakkanai,45.415,-0.2753046507537375,63
Nagano,36.6617,0.27390833837975825,72
Kyoto,35.0117,1.1799805354044606,72
Fukuoka,33.5817,1.3665430803736895,71
Urakawa,42.1617,-0.0319297873083003,57
Osaka,34.6817,1.162689855121129,64
Nara,34.6733,0.8781079320084485,71
Kochi,33.5667,0.5830993646906448,68
Shizuoka,34.975,0.8180243986833114,72
Iwamizawa,43.2117,0.008587705129720916,52
Asahikawa,43.7567,-0.10617132636153233,72
Kobe,34.6967,0.7563899067886957,72
Oita,33.235,1.3288499507915672,72
Miyazaki,31.9383,0.7646712389028847,54
Kagoshima,31.555,1.1031993270377034,72
