Site Name,Species,n_train,n_test,phi_previous_year,relaxation_rate,relaxation_CI_Lower,relaxation_CI_Upper,Temperature_Coefficient,Year_Coefficient,R2_train,RMSE_train,RMSE_test,Baseline_RMSE_test,RMSE_Improvement
Kyoto,Not stated,37,34,0.06286107711436228,0.9371389228856377,-0.3643991192853216,0.23867696505659702,-2.209866016274617,-0.014932416541040744,0.3896877779527391,3.0482038361416026,3.033783820983566,3.4624748683122735,0.42869104732870733
Osaka,Not stated,26,34,0.1443147126614761,0.8556852873385239,-0.4942440118474608,0.2056145865245086,-2.281757460597124,-0.00800686305750209,0.3626225610182575,3.1697287673030345,3.1137563327852207,3.2376615723368176,0.12390523955159694
Fukui,Not stated,37,34,0.06439268539573889,0.9356073146042612,-0.2562632892137412,0.1274779184222634,-3.3767217733385433,-0.006209536861720155,0.7433034256784304,2.357078997488283,3.124489826532833,3.22128521914899,0.0967953926161571
Matsue,Not stated,29,34,0.046133243530252166,0.9538667564697478,-0.3530672202507565,0.26080073319025215,-3.4436309227386896,-0.015098175419394344,0.6027256919354536,2.823295035319188,3.1396047841814356,3.4265999893706454,0.28699520518920973
Fukuoka,Not stated,35,34,0.09594683063303444,0.9040531693669656,-0.4174836845671115,0.2255900233010426,-1.7954982522803373,-0.06567760895153851,0.3998543034060995,2.802904672755556,3.5202464504441293,3.9204841867221747,0.4002377362780454
Nara,Not stated,36,34,0.20304393969374135,0.7969560603062587,-0.44294107165963525,0.036853192272152585,-3.2784394408572872,-0.01818827927545391,0.6233748484325294,2.692372883604071,3.6969225477802135,3.1061421798114073,-0.5907803679688062
Akita,Not stated,37,34,0.07920768710999782,0.9207923128900022,-0.317721507935262,0.1593061337152664,-3.809516477289611,-0.047578437801892415,0.6282231507102483,2.9765148350633126,3.714050978701417,3.533532267220668,-0.18051871148074916
Yamagata,Not stated,37,34,0.06938417327301505,0.930615826726985,-0.3052362138431923,0.16646786729716226,-3.4374580520299993,-0.002997664204045014,0.6165564490269044,2.9657973939075166,3.7387800737227206,4.045496431148344,0.3067163574256231
Nagano,Not stated,37,34,0.007282864714142967,0.992717135285857,-0.26381029324059757,0.24924456381231164,-2.8990638981578645,0.0073608484396149865,0.5226809129432579,3.413649237379055,4.214215942091048,4.096183121417418,-0.11803282067362986
Iwamizawa,Sargent cherry (Prunus sargentii),33,16,0.15921090018158207,0.840789099818418,-0.512950248535603,0.19452844817243886,-1.8564768416450441,-0.08681657900900996,0.26415463447949916,4.312872996291226,4.317630622780988,5.062395274388769,0.744764651607781
Oita,Not stated,37,34,0.10179142420802911,0.8982085757919709,-0.43610157769441615,0.23251872927835793,-1.7299949406368391,-0.06114296985426071,0.25728475661754746,3.430039894819373,4.743047666384963,3.710062955295557,-1.032984711089406
Aomori,Not stated,34,34,0.018716819684926556,0.9812831803150734,-0.272031685200937,0.2345980458310839,-3.7243819607563005,0.023625272096578387,0.5922321482564505,3.3332061140270044,4.875226804655273,4.468099797814112,-0.40712700684116054
Kochi,Not stated,31,34,0.07742014782291878,0.9225798521770812,-0.406473769079178,0.2516334734333404,-2.1374912685825356,-0.0755223308453773,0.35880532577013446,3.383503196662786,5.1036007302375355,4.341135261245727,-0.7624654689918087
Urakawa,Sargent cherry (Prunus sargentii),37,19,-0.09704226319830034,1.0970422631983003,-0.2167247352473876,0.4108092616439883,-2.6294505311263805,0.05220144397224463,0.2792989490740462,3.954158541090569,5.337845486691545,4.409357739716134,-0.9284877469754109
Shizuoka,Not stated,37,34,0.10076055187043498,0.899239448129565,-0.3811941779828754,0.17967307424200546,-2.33217936358721,0.05963254740994747,0.4084192984921211,2.957403135844552,5.386005048631066,5.012298743589339,-0.3737063050417273
Wakkanai,Sargent cherry (Prunus sargentii),26,34,0.00823724843252771,0.9917627515674723,-0.4339080185294323,0.41743352166437686,-1.6548492035888405,-0.07390854951200543,0.19016309132870823,4.4617141728315195,5.635972524075803,6.492745785324653,0.8567732612488497
Kobe,Not stated,37,34,0.006884155218747634,0.9931158447812524,-0.28171212852739314,0.26794381808989787,-2.613233534066562,-0.07067363789738673,0.49345659457734503,2.9477635519702146,5.710378343158431,3.8124135951736005,-1.8979647479848305
Asahikawa,Sargent cherry (Prunus sargentii),37,34,0.12991256822630048,0.8700874317736995,-0.4836290125342701,0.22380387608166913,-0.9273234681242322,-0.18507973848405923,0.29159910196570904,3.9455324308007924,6.196570598181227,7.627753454123005,1.4311828559417785
Kagoshima,Not stated,37,34,0.12970675009246693,0.8702932499075331,-0.4625850550361499,0.203171554851216,-1.1334642660198906,-0.04020804291175317,0.1767570371358933,3.4716250893402596,7.437616514442102,6.557010999177636,-0.8806055152644658
