Site Name,Latitude,Duration_Trend,n
Kagoshima,31.555,0.7601440576230502,50
Miyazaki,31.9383,0.953095684802999,40
Fukue,32.6933,0.7091836734693819,49
Nagasaki,32.7333,0.5094837935174095,50
Kumamoto,32.8133,0.8336134453781519,50
Hachijojima,33.1033,0.39513392017625076,48
Oita,33.235,1.0943577430972402,50
Saga,33.265,0.7383897789495003,49
Shiomizumaki,33.45,0.47383847155890846,48
Kochi,33.5667,0.21488400739067987,49
Fukuoka,33.5817,1.2897959183673458,49
Matsuyama,33.8433,0.7980792316926788,50
Shimonoseki,33.9567,0.5800720288115268,50
Tokushima,34.0667,0.30828331332532716,50
Owase,34.0683,0.46137835337649646,47
Itsuhara,34.1967,0.6836734693877528,49
Wakayama,34.2283,1.0458583433373398,50
Sumoto,34.31,0.08427193906490343,42
Takamatsu,34.3183,0.6703481392557044,50
Hiroshima,34.3983,0.5555822328931574,50
Nara,34.6733,0.6012004801920787,50
Osaka,34.6817,0.7191384160169728,47
Okayama,34.685,0.684753901560625,50
Kobe,34.6967,0.8172869147659066,50
Tsu,34.7333,0.1411764705882358,50
Oshima,34.7483,0.2818378045020071,46
Hamamatsu,34.7533,0.17786561264822065,45
Hamada,34.8967,-0.0994449583718665,47
Shizuoka,34.975,0.41296518607442956,50
Kyoto,35.0117,0.9915966386554651,50
Nagoya,35.1667,0.8825930372148876,50
Hikone,35.275,0.03313325330132169,50
Gifu,35.4,0.7942376950780319,50
Yonago,35.4333,0.44941380807642595,48
Yokohama,35.4383,0.14933973589435728,50
Maizuru,35.45,0.26506602641056487,50
Matsue,35.4567,0.951546219512519,46
Tottori,35.4867,0.6074429771908776,50
Iida,35.5233,-0.15787850755473404,46
Toyooka,35.535,0.31683626271969473,47
Tsuruga,35.6533,0.2424242424242397,45
Kofu,35.6667,0.8220888355342153,50
Tokyo,35.6917,0.07298919567827053,50
Choshi,35.7383,-0.07731092436974901,50
Fukui,36.055,0.4374549819927991,50
Kumagaya,36.15,0.2933973589435763,50
Takayama,36.155,-0.19762845849802202,45
Saigo,36.2033,0.31155015197570146,48
Matsumoto,36.2467,-0.08788159111932307,47
Mito,36.38,0.3001200480192067,50
Maebashi,36.405,-0.1450180072028827,50
Utsunomiya,36.5483,0.4192076830732299,50
Kanazawa,36.5883,0.381272509003602,50
Nagano,36.6617,-0.5195678271308537,50
Toyama,36.7083,0.2650660264105656,50
Onahama,36.9633,0.10692574902301882,48
Takada,37.1067,-0.013876040703052414,47
Wajima,37.39,-0.07250900360143617,50
Fukushima,37.7583,-0.014885954381753724,50
Niigata,37.8933,0.1714285714285737,50
Aikawa,38.0283,0.06244218316374308,47
Yamagata,38.255,-0.3327731092436996,50
Sendai,38.2617,-0.22905162064826012,50
Sakata,38.9083,-0.11530612244897889,49
Miyako,39.6467,-0.25323774283070527,47
Morioka,39.6983,0.4446578631452587,50
Akita,39.7167,-0.08691476590636357,50
Hachinohe,40.5267,-0.07053654024051671,47
Aomori,40.8217,-0.42737094837935374,50
Hakodate,41.8167,0.07010804321728785,50
Esashi,41.8667,-0.4307213284898799,46
Muroran,42.3117,0.20168067226890948,50
Sapporo,43.06,0.04465786314525919,50
