index,station,currently_observed,n_first_bloom_points,n_full_bloom_points,first_bloom_year_range,full_bloom_year_range,first_bloom_trend_days_per_decade,full_bloom_trend_days_per_decade,species_note,temporal_plot,phase_space_plot
1,Wakkanai,True,66,64,1953-2025,1953-2025,-1.121,-1.561,Sargent cherry (Prunus sargentii),temporal_plots/001_Wakkanai_temporal.png,phase_space_plots/001_Wakkanai_phase_space.png
2,Rumoi,False,53,53,1953-2008,1953-2008,-0.534,-0.836,Sargent cherry (Prunus sargentii),temporal_plots/002_Rumoi_temporal.png,phase_space_plots/002_Rumoi_phase_space.png
3,Asahikawa,True,73,73,1953-2025,1953-2025,-1.47,-1.816,Sargent cherry (Prunus sargentii),temporal_plots/003_Asahikawa_temporal.png,phase_space_plots/003_Asahikawa_phase_space.png
4,Abashiri,True,68,64,1953-2025,1953-2025,-1.24,-1.459,Sargent cherry (Prunus sargentii),temporal_plots/004_Abashiri_temporal.png,phase_space_plots/004_Abashiri_phase_space.png
5,Sapporo,True,72,72,1953-2025,1953-2025,-1.541,-1.595,,temporal_plots/005_Sapporo_temporal.png,phase_space_plots/005_Sapporo_phase_space.png
6,Iwamizawa,False,54,52,1953-2006,1953-2006,-0.944,-1.406,Sargent cherry (Prunus sargentii),temporal_plots/006_Iwamizawa_temporal.png,phase_space_plots/006_Iwamizawa_phase_space.png
7,Obihiro,True,73,73,1953-2025,1953-2025,-1.798,-1.888,Sargent cherry (Prunus sargentii),temporal_plots/007_Obihiro_temporal.png,phase_space_plots/007_Obihiro_phase_space.png
8,Kushiro,True,54,71,1972-2025,1954-2025,-2.053,-1.557,Sargent cherry (Prunus sargentii),temporal_plots/008_Kushiro_temporal.png,phase_space_plots/008_Kushiro_phase_space.png
9,Nemuro,False,50,50,1960-2010,1960-2010,-0.871,-0.971,Kurile Island Cherry (Cerasus nipponica var. kurilensis),temporal_plots/009_Nemuro_temporal.png,phase_space_plots/009_Nemuro_phase_space.png
10,Muroran,True,73,73,1953-2025,1953-2025,-1.538,-1.51,,temporal_plots/010_Muroran_temporal.png,phase_space_plots/010_Muroran_phase_space.png
11,Urakawa,False,57,57,1953-2009,1953-2009,-0.34,-0.587,Sargent cherry (Prunus sargentii),temporal_plots/011_Urakawa_temporal.png,phase_space_plots/011_Urakawa_phase_space.png
12,Esashi,False,54,54,1953-2007,1953-2007,-0.798,-1.35,,temporal_plots/012_Esashi_temporal.png,phase_space_plots/012_Esashi_phase_space.png
13,Hakodate,True,73,73,1953-2025,1953-2025,-1.846,-1.96,,temporal_plots/013_Hakodate_temporal.png,phase_space_plots/013_Hakodate_phase_space.png
14,Kutchan,False,53,51,1953-2006,1954-2006,-0.915,-1.021,"Until 1994 Sargent Cherry, from 1995 to 2006 they were Yoshino Cherry.",temporal_plots/014_Kutchan_temporal.png,phase_space_plots/014_Kutchan_phase_space.png
15,Monbetsu,False,52,52,1956-2007,1956-2007,0.322,0.406,Sargent cherry (Prunus sargentii),temporal_plots/015_Monbetsu_temporal.png,phase_space_plots/015_Monbetsu_phase_space.png
16,Hiroo,False,41,41,1958-1998,1958-1998,-0.124,-0.422,Sargent cherry (Prunus sargentii),temporal_plots/016_Hiroo_temporal.png,phase_space_plots/016_Hiroo_phase_space.png
17,Shinjo,False,40,40,1958-1997,1958-1997,-0.183,-0.52,,temporal_plots/017_Shinjo_temporal.png,phase_space_plots/017_Shinjo_phase_space.png
18,Aomori,True,70,70,1956-2025,1956-2025,-1.669,-1.997,,temporal_plots/018_Aomori_temporal.png,phase_space_plots/018_Aomori_phase_space.png
19,Hachinohe,False,55,55,1953-2007,1953-2007,-0.746,-0.716,,temporal_plots/019_Hachinohe_temporal.png,phase_space_plots/019_Hachinohe_phase_space.png
20,Akita,True,73,73,1953-2025,1953-2025,-1.163,-1.424,,temporal_plots/020_Akita_temporal.png,phase_space_plots/020_Akita_phase_space.png
21,Morioka,True,73,73,1953-2025,1953-2025,-1.596,-1.428,,temporal_plots/021_Morioka_temporal.png,phase_space_plots/021_Morioka_phase_space.png
22,Miyako,False,55,55,1953-2007,1953-2007,-0.186,-0.348,,temporal_plots/022_Miyako_temporal.png,phase_space_plots/022_Miyako_phase_space.png
23,Sakata,False,57,57,1953-2009,1953-2009,-0.6,-0.893,,temporal_plots/023_Sakata_temporal.png,phase_space_plots/023_Sakata_phase_space.png
24,Yamagata,True,73,73,1953-2025,1953-2025,-1.23,-1.463,,temporal_plots/024_Yamagata_temporal.png,phase_space_plots/024_Yamagata_phase_space.png
25,Sendai,True,73,73,1953-2025,1953-2025,-1.439,-1.528,,temporal_plots/025_Sendai_temporal.png,phase_space_plots/025_Sendai_phase_space.png
26,Fukushima,True,73,73,1953-2025,1953-2025,-1.233,-1.23,,temporal_plots/026_Fukushima_temporal.png,phase_space_plots/026_Fukushima_phase_space.png
27,Shirakawa,False,45,45,1953-1997,1953-1997,0.656,-0.112,,temporal_plots/027_Shirakawa_temporal.png,phase_space_plots/027_Shirakawa_phase_space.png
28,Onahama,False,56,56,1953-2008,1953-2008,-0.833,-0.848,,temporal_plots/028_Onahama_temporal.png,phase_space_plots/028_Onahama_phase_space.png
29,Wajima,False,58,58,1953-2010,1953-2010,-0.429,-0.568,,temporal_plots/029_Wajima_temporal.png,phase_space_plots/029_Wajima_phase_space.png
30,Aikawa,False,55,55,1953-2007,1953-2007,-0.015,-0.016,,temporal_plots/030_Aikawa_temporal.png,phase_space_plots/030_Aikawa_phase_space.png
31,Niigata,True,73,73,1953-2025,1953-2025,-1.363,-1.493,,temporal_plots/031_Niigata_temporal.png,phase_space_plots/031_Niigata_phase_space.png
32,Kanazawa,True,73,73,1953-2025,1953-2025,-1.055,-0.963,,temporal_plots/032_Kanazawa_temporal.png,phase_space_plots/032_Kanazawa_phase_space.png
33,Toyama,True,73,73,1953-2025,1953-2025,-1.642,-1.475,,temporal_plots/033_Toyama_temporal.png,phase_space_plots/033_Toyama_phase_space.png
34,Nagano,True,73,73,1953-2025,1953-2025,-1.155,-1.4,,temporal_plots/034_Nagano_temporal.png,phase_space_plots/034_Nagano_phase_space.png
35,Takada,False,55,55,1953-2007,1953-2007,-0.553,-0.719,,temporal_plots/035_Takada_temporal.png,phase_space_plots/035_Takada_phase_space.png
36,Utsunomiya,True,73,73,1953-2025,1953-2025,-1.634,-1.181,,temporal_plots/036_Utsunomiya_temporal.png,phase_space_plots/036_Utsunomiya_phase_space.png
37,Fukui,True,73,73,1953-2025,1953-2025,-1.3,-1.208,,temporal_plots/037_Fukui_temporal.png,phase_space_plots/037_Fukui_phase_space.png
38,Takayama,False,53,53,1953-2005,1953-2005,-0.022,-0.336,,temporal_plots/038_Takayama_temporal.png,phase_space_plots/038_Takayama_phase_space.png
39,Matsumoto,False,55,55,1953-2007,1953-2007,-0.983,-1.119,,temporal_plots/039_Matsumoto_temporal.png,phase_space_plots/039_Matsumoto_phase_space.png
40,Maebashi,True,73,73,1953-2025,1953-2025,-1.075,-1.351,,temporal_plots/040_Maebashi_temporal.png,phase_space_plots/040_Maebashi_phase_space.png
41,Kumagaya,True,73,73,1953-2025,1953-2025,-1.475,-1.397,,temporal_plots/041_Kumagaya_temporal.png,phase_space_plots/041_Kumagaya_phase_space.png
42,Mito,True,73,73,1953-2025,1953-2025,-1.623,-1.34,,temporal_plots/042_Mito_temporal.png,phase_space_plots/042_Mito_phase_space.png
43,Tsuruga,False,53,53,1953-2005,1953-2005,-0.81,-0.769,,temporal_plots/043_Tsuruga_temporal.png,phase_space_plots/043_Tsuruga_phase_space.png
44,Gifu,True,73,73,1953-2025,1953-2025,-1.745,-1.428,,temporal_plots/044_Gifu_temporal.png,phase_space_plots/044_Gifu_phase_space.png
45,Nagoya,True,73,73,1953-2025,1953-2025,-1.524,-1.061,,temporal_plots/045_Nagoya_temporal.png,phase_space_plots/045_Nagoya_phase_space.png
46,Iida,False,54,54,1953-2006,1953-2006,-0.59,-0.484,,temporal_plots/046_Iida_temporal.png,phase_space_plots/046_Iida_phase_space.png
47,Kofu,True,73,73,1953-2025,1953-2025,-1.47,-0.839,,temporal_plots/047_Kofu_temporal.png,phase_space_plots/047_Kofu_phase_space.png
48,Choshi,True,73,73,1953-2025,1953-2025,-0.577,-0.65,,temporal_plots/048_Choshi_temporal.png,phase_space_plots/048_Choshi_phase_space.png
49,Tsu,True,73,73,1953-2025,1953-2025,-1.223,-1.522,,temporal_plots/049_Tsu_temporal.png,phase_space_plots/049_Tsu_phase_space.png
50,Hamamatsu,False,53,52,1953-2005,1953-2005,-1.105,-0.67,,temporal_plots/050_Hamamatsu_temporal.png,phase_space_plots/050_Hamamatsu_phase_space.png
51,Shizuoka,True,73,73,1953-2025,1953-2025,-0.965,-0.65,,temporal_plots/051_Shizuoka_temporal.png,phase_space_plots/051_Shizuoka_phase_space.png
52,Tokyo,True,73,73,1953-2025,1953-2025,-1.433,-1.623,,temporal_plots/052_Tokyo_temporal.png,phase_space_plots/052_Tokyo_phase_space.png
53,Owase,False,55,55,1953-2007,1953-2007,-0.519,-0.545,,temporal_plots/053_Owase_temporal.png,phase_space_plots/053_Owase_phase_space.png
54,Yokohama,True,73,73,1953-2025,1953-2025,-1.062,-1.059,,temporal_plots/054_Yokohama_temporal.png,phase_space_plots/054_Yokohama_phase_space.png
55,Tateyama,False,38,38,1969-2006,1969-2006,-1.106,-1.145,,temporal_plots/055_Tateyama_temporal.png,phase_space_plots/055_Tateyama_phase_space.png
56,Oshima,False,52,47,1953-2009,1954-2009,-0.79,-1.106,,temporal_plots/056_Oshima_temporal.png,phase_space_plots/056_Oshima_phase_space.png
57,Miyakejima,False,35,34,1965-2000,1965-2000,0.893,1.059,,temporal_plots/057_Miyakejima_temporal.png,phase_space_plots/057_Miyakejima_phase_space.png
58,Hachijojima,False,57,56,1953-2009,1953-2009,-0.253,-0.584,,temporal_plots/058_Hachijojima_temporal.png,phase_space_plots/058_Hachijojima_phase_space.png
59,Saigo,False,56,56,1953-2008,1953-2008,-0.453,-0.61,,temporal_plots/059_Saigo_temporal.png,phase_space_plots/059_Saigo_phase_space.png
60,Matsue,True,73,67,1953-2025,1953-2025,-1.625,-1.533,,temporal_plots/060_Matsue_temporal.png,phase_space_plots/060_Matsue_phase_space.png
61,Yonago,False,55,55,1954-2008,1954-2008,-1.183,-0.965,,temporal_plots/061_Yonago_temporal.png,phase_space_plots/061_Yonago_phase_space.png
62,Tottori,True,73,73,1953-2025,1953-2025,-1.542,-1.124,,temporal_plots/062_Tottori_temporal.png,phase_space_plots/062_Tottori_phase_space.png
63,Toyooka,False,55,55,1953-2007,1953-2007,-0.638,-0.39,,temporal_plots/063_Toyooka_temporal.png,phase_space_plots/063_Toyooka_phase_space.png
64,Maizuru,False,61,60,1953-2013,1953-2012,-0.474,-0.455,,temporal_plots/064_Maizuru_temporal.png,phase_space_plots/064_Maizuru_phase_space.png
65,Hamada,False,55,55,1953-2007,1953-2007,-0.355,-0.636,,temporal_plots/065_Hamada_temporal.png,phase_space_plots/065_Hamada_phase_space.png
66,Kyoto,True,73,73,1953-2025,1953-2025,-1.56,-1.204,,temporal_plots/066_Kyoto_temporal.png,phase_space_plots/066_Kyoto_phase_space.png
67,Hikone,True,73,73,1953-2025,1953-2025,-0.928,-1.048,,temporal_plots/067_Hikone_temporal.png,phase_space_plots/067_Hikone_phase_space.png
68,Hiroshima,True,73,73,1953-2025,1953-2025,-1.382,-1.283,,temporal_plots/068_Hiroshima_temporal.png,phase_space_plots/068_Hiroshima_phase_space.png
69,Okayama,True,73,73,1953-2025,1953-2025,-1.009,-0.985,,temporal_plots/069_Okayama_temporal.png,phase_space_plots/069_Okayama_phase_space.png
70,Kobe,True,73,73,1953-2025,1953-2025,-1.002,-0.629,,temporal_plots/070_Kobe_temporal.png,phase_space_plots/070_Kobe_phase_space.png
71,Osaka,True,73,65,1953-2025,1957-2025,-1.268,-1.195,,temporal_plots/071_Osaka_temporal.png,phase_space_plots/071_Osaka_phase_space.png
72,Sumoto,False,50,49,1953-2002,1953-2002,-0.165,-0.612,,temporal_plots/072_Sumoto_temporal.png,phase_space_plots/072_Sumoto_phase_space.png
73,Wakayama,True,73,71,1953-2025,1955-2025,-0.707,-0.725,,temporal_plots/073_Wakayama_temporal.png,phase_space_plots/073_Wakayama_phase_space.png
74,Shiomizumaki,False,51,50,1958-2009,1958-2009,-0.297,-0.469,,temporal_plots/074_Shiomizumaki_temporal.png,phase_space_plots/074_Shiomizumaki_phase_space.png
75,Nara,True,72,72,1954-2025,1954-2025,-1.244,-0.982,,temporal_plots/075_Nara_temporal.png,phase_space_plots/075_Nara_phase_space.png
76,Matsuyama,True,73,73,1953-2025,1953-2025,-1.276,-1.061,,temporal_plots/076_Matsuyama_temporal.png,phase_space_plots/076_Matsuyama_phase_space.png
77,Takamatsu,True,73,73,1953-2025,1953-2025,-1.288,-1.07,,temporal_plots/077_Takamatsu_temporal.png,phase_space_plots/077_Takamatsu_phase_space.png
78,Uwajima,False,39,39,1967-2005,1967-2005,-1.976,-1.219,,temporal_plots/078_Uwajima_temporal.png,phase_space_plots/078_Uwajima_phase_space.png
79,Kochi,True,72,69,1954-2025,1955-2025,-0.918,-0.952,,temporal_plots/079_Kochi_temporal.png,phase_space_plots/079_Kochi_phase_space.png
80,Tokushima,True,73,73,1953-2025,1953-2025,-0.413,-0.466,,temporal_plots/080_Tokushima_temporal.png,phase_space_plots/080_Tokushima_phase_space.png
81,Shimonoseki,True,73,73,1953-2025,1953-2025,-1.099,-1.047,,temporal_plots/081_Shimonoseki_temporal.png,phase_space_plots/081_Shimonoseki_phase_space.png
82,Itsuhara,False,57,57,1953-2009,1953-2009,-1.166,-0.957,,temporal_plots/082_Itsuhara_temporal.png,phase_space_plots/082_Itsuhara_phase_space.png
83,Fukuoka,True,73,72,1953-2025,1953-2025,-1.727,-1.358,,temporal_plots/083_Fukuoka_temporal.png,phase_space_plots/083_Fukuoka_phase_space.png
84,Saga,True,73,72,1953-2025,1953-2025,-0.886,-0.84,,temporal_plots/084_Saga_temporal.png,phase_space_plots/084_Saga_phase_space.png
85,Oita,True,73,73,1953-2025,1953-2025,-1.1,-0.558,,temporal_plots/085_Oita_temporal.png,phase_space_plots/085_Oita_phase_space.png
86,Fukue,False,57,57,1953-2009,1953-2009,-0.62,-0.217,,temporal_plots/086_Fukue_temporal.png,phase_space_plots/086_Fukue_phase_space.png
87,Nagasaki,True,73,73,1953-2025,1953-2025,-0.805,-0.673,,temporal_plots/087_Nagasaki_temporal.png,phase_space_plots/087_Nagasaki_phase_space.png
88,Kumamoto,True,73,73,1953-2025,1953-2025,-0.845,-0.595,,temporal_plots/088_Kumamoto_temporal.png,phase_space_plots/088_Kumamoto_phase_space.png
89,Nobeoka,False,37,33,1962-1999,1962-1994,0.467,0.598,,temporal_plots/089_Nobeoka_temporal.png,phase_space_plots/089_Nobeoka_phase_space.png
90,Kagoshima,True,73,73,1953-2025,1953-2025,-0.603,0.311,,temporal_plots/090_Kagoshima_temporal.png,phase_space_plots/090_Kagoshima_phase_space.png
91,Miyazaki,True,55,73,1971-2025,1953-2025,-1.041,-0.247,,temporal_plots/091_Miyazaki_temporal.png,phase_space_plots/091_Miyazaki_phase_space.png
92,Yakushima,False,1,1,1991-1991,1991-1991,,,,temporal_plots/092_Yakushima_temporal.png,phase_space_plots/092_Yakushima_phase_space.png
93,Tanegashima,False,50,39,1953-2007,1953-2007,0.086,0.71,,temporal_plots/093_Tanegashima_temporal.png,phase_space_plots/093_Tanegashima_phase_space.png
94,Naze,True,61,56,1953-2025,1953-2024,0.126,0.506,Taiwan cherry (Prunus campanulata),temporal_plots/094_Naze_temporal.png,phase_space_plots/094_Naze_phase_space.png
95,Yonaguni Island,False,17,16,1992-2008,1992-2007,0.0,-4.441,Taiwan cherry (Prunus campanulata),temporal_plots/095_Yonaguni_Island_temporal.png,phase_space_plots/095_Yonaguni_Island_phase_space.png
96,Ishigaki Island,True,70,56,1953-2025,1958-2022,-1.772,1.822,Taiwan cherry (Prunus campanulata),temporal_plots/096_Ishigaki_Island_temporal.png,phase_space_plots/096_Ishigaki_Island_phase_space.png
97,Miyakojima,True,54,50,1972-2025,1954-2025,0.293,0.275,Taiwan cherry (Prunus campanulata),temporal_plots/097_Miyakojima_temporal.png,phase_space_plots/097_Miyakojima_phase_space.png
98,Kumejima,False,35,31,1962-2004,1962-2004,-0.36,-1.984,Taiwan cherry (Prunus campanulata),temporal_plots/098_Kumejima_temporal.png,phase_space_plots/098_Kumejima_phase_space.png
99,Naha,True,52,48,1974-2025,1976-2024,5.581,-0.089,Taiwan cherry (Prunus campanulata),temporal_plots/099_Naha_temporal.png,phase_space_plots/099_Naha_phase_space.png
100,Nago,False,31,23,1972-2002,1977-2002,-108.524,2.378,Taiwan cherry (Prunus campanulata),temporal_plots/100_Nago_temporal.png,phase_space_plots/100_Nago_phase_space.png
101,Iriomote Island,False,42,24,1955-2002,1975-2002,-2.218,6.694,Taiwan cherry (Prunus campanulata),temporal_plots/101_Iriomote_Island_temporal.png,phase_space_plots/101_Iriomote_Island_phase_space.png
102,Minami Daito Island,True,53,44,1971-2025,1971-2022,2.557,2.38,Taiwan cherry (Prunus campanulata),temporal_plots/102_Minami_Daito_Island_temporal.png,phase_space_plots/102_Minami_Daito_Island_phase_space.png
